t, r_obox_x, r_obox_y, r_obox_phi
0.000000000000000000e+00, 0.000000000000000000e+00, 2.000000029802322388e-01, 0.000000000000000000e+00
1.000000047497451305e-03, 3.700845172308585285e-14, 2.000000029802322388e-01, 3.058811071186134933e-13
2.000000094994902611e-03, 7.427976242979639210e-07, 1.999988108873367310e-01, -5.942378265899606049e-06
3.000000026077032089e-03, 1.499036670793429948e-06, 1.999976187944412231e-01, -1.191650335385929793e-05
4.000000189989805222e-03, 7.825575494280201383e-07, 1.999964267015457153e-01, -6.033203590050106868e-06
5.000000353902578354e-03, 3.943381088333808293e-08, 1.999952346086502075e-01, -8.697548992131487466e-08
6.000000052154064178e-03, 2.318228276010358968e-08, 1.999952346086502075e-01, -4.450898316576967773e-08
7.000000216066837311e-03, 1.924358450366980833e-08, 1.999952346086502075e-01, -2.992975467464020767e-08
8.000000379979610443e-03, 1.809337568658975215e-08, 1.999952346086502075e-01, -2.567199608449755033e-08
9.000000543892383575e-03, 1.775753588617590140e-08, 1.999952346086502075e-01, -2.442854984963105380e-08
1.000000070780515671e-02, 1.765946322507261357e-08, 1.999952346086502075e-01, -2.406610377647666610e-08
1.100000087171792984e-02, 1.763078394390049652e-08, 1.999952346086502075e-01, -2.396043896624178160e-08
1.200000010430812836e-02, 1.762243861946899415e-08, 1.999952346086502075e-01, -2.392890152691506955e-08
1.300000026822090149e-02, 1.761995704896435200e-08, 1.999952346086502075e-01, -2.391933762169173860e-08
1.400000043213367462e-02, 1.761925894072646770e-08, 1.999952346086502075e-01, -2.391661269030009862e-08
1.500000059604644775e-02, 1.761913992481822788e-08, 1.999952346086502075e-01, -2.391630182785320358e-08
1.600000075995922089e-02, 1.761913637210454908e-08, 1.999952346086502075e-01, -2.391642617283196159e-08
1.700000092387199402e-02, 1.761913637210454908e-08, 1.999952346086502075e-01, -2.391652209610128921e-08
1.800000108778476715e-02, 1.761913104303403088e-08, 1.999952346086502075e-01, -2.391658782130434702e-08
1.900000125169754028e-02, 1.761912038489299448e-08, 1.999952346086502075e-01, -2.391662334844113502e-08
2.000000141561031342e-02, 1.761910262132460048e-08, 1.999952346086502075e-01, -2.391663045386849262e-08
2.100000157952308655e-02, 1.761907775232884887e-08, 1.999952346086502075e-01, -2.391660736122958042e-08
2.200000174343585968e-02, 1.761904755426257907e-08, 1.999952346086502075e-01, -2.391655407052439841e-08
2.300000190734863281e-02, 1.761901202712579106e-08, 1.999952346086502075e-01, -2.391647058175294660e-08
2.400000020861625671e-02, 1.761897117091848486e-08, 1.999952346086502075e-01, -2.391635689491522498e-08
2.500000037252902985e-02, 1.761892320928382105e-08, 1.999952346086502075e-01, -2.391621478636807296e-08
2.600000053644180298e-02, 1.761886814222179964e-08, 1.999952346086502075e-01, -2.391604247975465114e-08
2.700000070035457611e-02, 1.761880774608926004e-08, 1.999952346086502075e-01, -2.391583997507495951e-08
2.800000086426734924e-02, 1.761874202088620223e-08, 1.999952346086502075e-01, -2.391560904868583748e-08
2.900000102818012238e-02, 1.761867096661262622e-08, 1.999952346086502075e-01, -2.391534792423044564e-08
3.000000119209289551e-02, 1.761859458326853201e-08, 1.999952346086502075e-01, -2.391505660170878400e-08
3.100000135600566864e-02, 1.761851109449708019e-08, 1.999952346086502075e-01, -2.391473508112085256e-08
3.200000151991844177e-02, 1.761842050029827078e-08, 1.999952346086502075e-01, -2.391438336246665131e-08
3.299999982118606567e-02, 1.761832457702894317e-08, 1.999952346086502075e-01, -2.391400322210301965e-08
3.400000184774398804e-02, 1.761822332468909735e-08, 1.999952346086502075e-01, -2.391359288367311819e-08
3.500000014901161194e-02, 1.761811674327873334e-08, 1.999952346086502075e-01, -2.391315234717694693e-08
3.600000217556953430e-02, 1.761800483279785112e-08, 1.999952346086502075e-01, -2.391268338897134527e-08
3.700000047683715820e-02, 1.761788581688961131e-08, 1.999952346086502075e-01, -2.391218423269947380e-08
3.800000250339508057e-02, 1.761775969555401389e-08, 1.999952346086502075e-01, -2.391165487836133252e-08
3.900000080466270447e-02, 1.761771173391935008e-08, 1.999952346086502075e-01, -2.391051445727043756e-08
4.000000283122062683e-02, 1.761763712693209527e-08, 1.999952346086502075e-01, -2.390980924360519566e-08
4.100000113248825073e-02, 1.761756607265851926e-08, 1.999952346086502075e-01, -2.390953923736560682e-08
4.200000315904617310e-02, 1.761748791295758565e-08, 1.999952346086502075e-01, -2.390924080941658758e-08
4.300000146031379700e-02, 1.761740442418613384e-08, 1.999952346086502075e-01, -2.390891218340129853e-08
4.400000348687171936e-02, 1.761731382998732443e-08, 1.999952346086502075e-01, -2.390855335931973968e-08
4.500000178813934326e-02, 1.761721613036115741e-08, 1.999952346086502075e-01, -2.390816611352875043e-08
4.600000381469726562e-02, 1.761711310166447220e-08, 1.999952346086502075e-01, -2.390774866967149137e-08
4.700000211596488953e-02, 1.761700474389726878e-08, 1.999952346086502075e-01, -2.390730102774796251e-08
4.800000041723251343e-02, 1.761689105705954717e-08, 1.999952346086502075e-01, -2.390682318775816384e-08
4.900000244379043579e-02, 1.761677204115130735e-08, 1.999952346086502075e-01, -2.390631514970209537e-08
5.000000074505805969e-02, 1.761672940858716174e-08, 1.999952346086502075e-01, -2.390519604489327321e-08
5.100000277161598206e-02, 1.761665835431358573e-08, 1.999952346086502075e-01, -2.390451214751010411e-08
5.200000107288360596e-02, 1.761659085275368852e-08, 1.999952346086502075e-01, -2.390426345755258808e-08
5.300000309944152832e-02, 1.761651624576643371e-08, 1.999952346086502075e-01, -2.390398634588564164e-08
5.400000140070915222e-02, 1.761643630970866070e-08, 1.999952346086502075e-01, -2.390367903615242540e-08
5.500000342726707458e-02, 1.761635104458036949e-08, 1.999952346086502075e-01, -2.390334152835293935e-08
5.600000172853469849e-02, 1.761625867402472068e-08, 1.999952346086502075e-01, -2.390297559884402290e-08
5.700000375509262085e-02, 1.761615919804171426e-08, 1.999952346086502075e-01, -2.390257947126883664e-08
5.800000205636024475e-02, 1.761605439298818965e-08, 1.999952346086502075e-01, -2.390215314562738058e-08
5.900000408291816711e-02, 1.761594425886414683e-08, 1.999952346086502075e-01, -2.390169662191965472e-08
6.000000238418579102e-02, 1.761582879566958582e-08, 1.999952346086502075e-01, -2.390120990014565905e-08
6.100000441074371338e-02, 1.761578971581911901e-08, 1.999952346086502075e-01, -2.390011211161890969e-08
6.200000271201133728e-02, 1.761572399061606120e-08, 1.999952346086502075e-01, -2.389945130687465280e-08
6.300000101327896118e-02, 1.761566181812668219e-08, 1.999952346086502075e-01, -2.389922570955604897e-08
6.400000303983688354e-02, 1.761559076385310618e-08, 1.999952346086502075e-01, -2.389896991417117533e-08
6.500000506639480591e-02, 1.761551438050901197e-08, 1.999952346086502075e-01, -2.389868569707687129e-08
6.599999964237213135e-02, 1.761543266809439956e-08, 1.999952346086502075e-01, -2.389837128191629745e-08
6.700000166893005371e-02, 1.761534562660926895e-08, 1.999952346086502075e-01, -2.389802666868945380e-08
6.800000369548797607e-02, 1.761525147969678073e-08, 1.999952346086502075e-01, -2.389765185739634035e-08
6.900000572204589844e-02, 1.761515022735693492e-08, 1.999952346086502075e-01, -2.389724684803695709e-08
7.000000029802322388e-02, 1.761504364594657090e-08, 1.999952346086502075e-01, -2.389681341696814343e-08
7.100000232458114624e-02, 1.761493173546568869e-08, 1.999952346086502075e-01, -2.389634978783305996e-08
7.200000435113906860e-02, 1.761481449591428827e-08, 1.999952346086502075e-01, -2.389585596063170669e-08
7.300000637769699097e-02, 1.761469192729236966e-08, 1.999952346086502075e-01, -2.389533371172092302e-08
7.400000095367431641e-02, 1.761464574201454525e-08, 1.999952346086502075e-01, -2.389419861970054626e-08
7.500000298023223877e-02, 1.761457113502729044e-08, 1.999952346086502075e-01, -2.389349873510582256e-08
7.600000500679016113e-02, 1.761450008075371443e-08, 1.999952346086502075e-01, -2.389323583429359132e-08
7.700000703334808350e-02, 1.761442192105278082e-08, 1.999952346086502075e-01, -2.389294273541509028e-08
7.800000160932540894e-02, 1.761433843228132901e-08, 1.999952346086502075e-01, -2.389261943847031944e-08
7.900000363588333130e-02, 1.761424961443935899e-08, 1.999952346086502075e-01, -2.389226594345927879e-08
8.000000566244125366e-02, 1.761415546752687078e-08, 1.999952346086502075e-01, -2.389188225038196833e-08
8.100000023841857910e-02, 1.761405421518702497e-08, 1.999952346086502075e-01, -2.389147013559522748e-08
8.200000226497650146e-02, 1.761394585741982155e-08, 1.999952346086502075e-01, -2.389102782274221681e-08
8.300000429153442383e-02, 1.761383217058209993e-08, 1.999952346086502075e-01, -2.389055531182293635e-08
8.400000631809234619e-02, 1.761371315467386012e-08, 1.999952346086502075e-01, -2.389005437919422548e-08
8.500000089406967163e-02, 1.761367052210971451e-08, 1.999952346086502075e-01, -2.388894237981276092e-08
8.600000292062759399e-02, 1.761360124419297790e-08, 1.999952346086502075e-01, -2.388826558785694942e-08
8.700000494718551636e-02, 1.761353551898992009e-08, 1.999952346086502075e-01, -2.388802400332679099e-08
8.800000697374343872e-02, 1.761346091200266528e-08, 1.999952346086502075e-01, -2.388775222073036275e-08
8.900000154972076416e-02, 1.761338097594489227e-08, 1.999952346086502075e-01, -2.388745024006766471e-08
9.000000357627868652e-02, 1.761329571081660106e-08, 1.999952346086502075e-01, -2.388711983769553626e-08
9.100000560283660889e-02, 1.761320511661779165e-08, 1.999952346086502075e-01, -2.388675923725713801e-08
9.200000762939453125e-02, 1.761310919334846403e-08, 1.999952346086502075e-01, -2.388636843875246996e-08
9.300000220537185669e-02, 1.761300616465177882e-08, 1.999952346086502075e-01, -2.388594921853837150e-08
9.400000423192977905e-02, 1.761289603052773600e-08, 1.999952346086502075e-01, -2.388549980025800323e-08
9.500000625848770142e-02, 1.761278056733317499e-08, 1.999952346086502075e-01, -2.388502018391136517e-08
9.600000083446502686e-02, 1.761274326383954758e-08, 1.999952346086502075e-01, -2.388392950081197341e-08
9.700000286102294922e-02, 1.761267931499332917e-08, 1.999952346086502075e-01, -2.388327402513823472e-08
9.800000488758087158e-02, 1.761261891886078956e-08, 1.999952346086502075e-01, -2.388305375689014909e-08
9.900000691413879395e-02, 1.761254964094405295e-08, 1.999952346086502075e-01, -2.388280506693263305e-08
1.000000014901161194e-01, 1.761247325759995874e-08, 1.999952346086502075e-01, -2.388252617890884721e-08
1.010000035166740417e-01, 1.761239154518534633e-08, 1.999952346086502075e-01, -2.388221709281879157e-08
1.020000055432319641e-01, 1.761230450370021572e-08, 1.999952346086502075e-01, -2.388187958501930552e-08
1.030000075697898865e-01, 1.761221213314456691e-08, 1.999952346086502075e-01, -2.388151187915354967e-08
1.040000021457672119e-01, 1.761211443351839989e-08, 1.999952346086502075e-01, -2.388111397522152402e-08
1.050000041723251343e-01, 1.761200962846487528e-08, 1.999952346086502075e-01, -2.388068587322322855e-08
1.060000061988830566e-01, 1.761189771798399306e-08, 1.999952346086502075e-01, -2.388022757315866329e-08
1.070000082254409790e-01, 1.761178047843259264e-08, 1.999952346086502075e-01, -2.387973907502782822e-08
1.080000028014183044e-01, 1.761165790981067403e-08, 1.999952346086502075e-01, -2.387922037883072335e-08
1.090000048279762268e-01, 1.761161350088968902e-08, 1.999952346086502075e-01, -2.387809061588086479e-08
1.100000068545341492e-01, 1.761154244661611301e-08, 1.999952346086502075e-01, -2.387739783671349869e-08
1.110000088810920715e-01, 1.761147494505621580e-08, 1.999952346086502075e-01, -2.387714026497178565e-08
1.120000034570693970e-01, 1.761139856171212159e-08, 1.999952346086502075e-01, -2.387685249516380281e-08
1.130000054836273193e-01, 1.761131507294066978e-08, 1.999952346086502075e-01, -2.387653630364638957e-08
1.140000075101852417e-01, 1.761122625509869977e-08, 1.999952346086502075e-01, -2.387618991406270652e-08
1.150000020861625671e-01, 1.761113210818621155e-08, 1.999952346086502075e-01, -2.387581332641275367e-08
1.160000041127204895e-01, 1.761103263220320514e-08, 1.999952346086502075e-01, -2.387540654069653101e-08
1.170000061392784119e-01, 1.761092782714968052e-08, 1.999952346086502075e-01, -2.387496955691403855e-08
1.180000081658363342e-01, 1.761081591666879831e-08, 1.999952346086502075e-01, -2.387450415142211568e-08
1.190000027418136597e-01, 1.761069690076055849e-08, 1.999952346086502075e-01, -2.387400854786392301e-08
1.200000047683715820e-01, 1.761065604455325229e-08, 1.999952346086502075e-01, -2.387290010119613726e-08
1.210000067949295044e-01, 1.761058854299335508e-08, 1.999952346086502075e-01, -2.387222863831084396e-08
1.220000088214874268e-01, 1.761052459414713667e-08, 1.999952346086502075e-01, -2.387199415920804313e-08
1.230000033974647522e-01, 1.761045353987356066e-08, 1.999952346086502075e-01, -2.387172948203897249e-08
1.240000054240226746e-01, 1.761037538017262705e-08, 1.999952346086502075e-01, -2.387143460680363205e-08
1.250000000000000000e-01, 1.761029011504433583e-08, 1.999952346086502075e-01, -2.387110953350202180e-08
1.260000020265579224e-01, 1.761019952084552642e-08, 1.999952346086502075e-01, -2.387075426213414175e-08
1.270000040531158447e-01, 1.761010359757619881e-08, 1.999952346086502075e-01, -2.387037056905683130e-08
1.280000060796737671e-01, 1.761000234523635299e-08, 1.999952346086502075e-01, -2.386995667791325104e-08
1.290000081062316895e-01, 1.760989576382598898e-08, 1.999952346086502075e-01, -2.386951258870340098e-08
1.300000101327896118e-01, 1.760978207698826736e-08, 1.999952346086502075e-01, -2.386904007778412051e-08
1.310000121593475342e-01, 1.760966128472318815e-08, 1.999952346086502075e-01, -2.386853736879857024e-08
1.319999992847442627e-01, 1.760953516338759073e-08, 1.999952346086502075e-01, -2.386800446174675017e-08
1.330000013113021851e-01, 1.760948720175292692e-08, 1.999952346086502075e-01, -2.386686048794217641e-08
1.340000033378601074e-01, 1.760941259476567211e-08, 1.999952346086502075e-01, -2.386615172156325571e-08
1.350000053644180298e-01, 1.760934154049209610e-08, 1.999952346086502075e-01, -2.386587816260998807e-08
1.360000073909759521e-01, 1.760926160443432309e-08, 1.999952346086502075e-01, -2.386557440559045062e-08
1.370000094175338745e-01, 1.760917456294919248e-08, 1.999952346086502075e-01, -2.386524045050464338e-08
1.380000114440917969e-01, 1.760908219239354366e-08, 1.999952346086502075e-01, -2.386487807370940573e-08
1.390000134706497192e-01, 1.760898449276737665e-08, 1.999952346086502075e-01, -2.386448549884789827e-08
1.400000005960464478e-01, 1.760888146407069144e-08, 1.999952346086502075e-01, -2.386406272592012101e-08
1.410000026226043701e-01, 1.760877310630348802e-08, 1.999952346086502075e-01, -2.386361153128291335e-08
1.420000046491622925e-01, 1.760865764310892700e-08, 1.999952346086502075e-01, -2.386313013857943588e-08
1.430000066757202148e-01, 1.760853507448700839e-08, 1.999952346086502075e-01, -2.386261854780968861e-08
1.440000087022781372e-01, 1.760849066556602338e-08, 1.999952346086502075e-01, -2.386149589028718765e-08
1.450000107288360596e-01, 1.760841961129244737e-08, 1.999952346086502075e-01, -2.386080844019033975e-08
1.460000127553939819e-01, 1.760835210973255016e-08, 1.999952346086502075e-01, -2.386055619751914492e-08
1.469999998807907104e-01, 1.760827750274529535e-08, 1.999952346086502075e-01, -2.386027553313851968e-08
1.480000019073486328e-01, 1.760819756668752234e-08, 1.999952346086502075e-01, -2.385996467069162463e-08
1.490000039339065552e-01, 1.760811052520239173e-08, 1.999952346086502075e-01, -2.385962361017845978e-08
1.500000059604644775e-01, 1.760801637828990351e-08, 1.999952346086502075e-01, -2.385925412795586453e-08
1.510000079870223999e-01, 1.760791690230689710e-08, 1.999952346086502075e-01, -2.385885444766699948e-08
1.520000100135803223e-01, 1.760781209725337249e-08, 1.999952346086502075e-01, -2.385842456931186462e-08
1.530000120401382446e-01, 1.760770196312932967e-08, 1.999952346086502075e-01, -2.385796449289045995e-08
1.540000140666961670e-01, 1.760758649993476865e-08, 1.999952346086502075e-01, -2.385747421840278548e-08
1.550000011920928955e-01, 1.760754742008430185e-08, 1.999952346086502075e-01, -2.385637287716235733e-08
1.560000032186508179e-01, 1.760747991852440464e-08, 1.999952346086502075e-01, -2.385570674334758223e-08
1.570000052452087402e-01, 1.760741596967818623e-08, 1.999952346086502075e-01, -2.385547581695846020e-08
1.580000072717666626e-01, 1.760734491540461022e-08, 1.999952346086502075e-01, -2.385521646885990776e-08
1.590000092983245850e-01, 1.760726853206051601e-08, 1.999952346086502075e-01, -2.385492692269508552e-08
1.600000113248825073e-01, 1.760718681964590360e-08, 1.999952346086502075e-01, -2.385460717846399348e-08
1.610000133514404297e-01, 1.760709800180393358e-08, 1.999952346086502075e-01, -2.385425901252347103e-08
1.620000004768371582e-01, 1.760700207853460597e-08, 1.999952346086502075e-01, -2.385388064851667878e-08
1.630000025033950806e-01, 1.760690082619476016e-08, 1.999952346086502075e-01, -2.385347208644361672e-08
1.640000045299530029e-01, 1.760679424478439614e-08, 1.999952346086502075e-01, -2.385303332630428486e-08
1.650000065565109253e-01, 1.760668233430351393e-08, 1.999952346086502075e-01, -2.385256436809868319e-08
1.660000085830688477e-01, 1.760656331839527411e-08, 1.999952346086502075e-01, -2.385206698818365112e-08
1.670000106096267700e-01, 1.760643719705967669e-08, 1.999952346086502075e-01, -2.385153941020234925e-08
1.680000126361846924e-01, 1.760638923542501288e-08, 1.999952346086502075e-01, -2.385039898911145428e-08
1.690000146627426147e-01, 1.760631462843775807e-08, 1.999952346086502075e-01, -2.384969555180305179e-08
1.700000017881393433e-01, 1.760624357416418206e-08, 1.999952346086502075e-01, -2.384942909827714175e-08
1.710000038146972656e-01, 1.760616541446324845e-08, 1.999952346086502075e-01, -2.384913244668496191e-08
1.720000058412551880e-01, 1.760608192569179664e-08, 1.999952346086502075e-01, -2.384880559702651226e-08
1.730000078678131104e-01, 1.760599133149298723e-08, 1.999952346086502075e-01, -2.384844854930179281e-08
1.740000098943710327e-01, 1.760589363186682021e-08, 1.999952346086502075e-01, -2.384806130351080355e-08
1.750000119209289551e-01, 1.760579060317013500e-08, 1.999952346086502075e-01, -2.384764563601038390e-08
1.760000139474868774e-01, 1.760568224540293158e-08, 1.999952346086502075e-01, -2.384719977044369443e-08
1.770000010728836060e-01, 1.760556855856520997e-08, 1.999952346086502075e-01, -2.384672370681073517e-08
1.780000030994415283e-01, 1.760544954265697015e-08, 1.999952346086502075e-01, -2.384621922146834549e-08
1.790000051259994507e-01, 1.760540691009282455e-08, 1.999952346086502075e-01, -2.384510189301636274e-08
1.800000071525573730e-01, 1.760533585581924854e-08, 1.999952346086502075e-01, -2.384441977199003304e-08
1.810000091791152954e-01, 1.760526835425935133e-08, 1.999952346086502075e-01, -2.384417463474619581e-08
1.820000112056732178e-01, 1.760519374727209652e-08, 1.999952346086502075e-01, -2.384389929943608877e-08
1.830000132322311401e-01, 1.760511381121432350e-08, 1.999952346086502075e-01, -2.384359376605971192e-08
1.840000152587890625e-01, 1.760502854608603229e-08, 1.999952346086502075e-01, -2.384325803461706528e-08
1.850000023841857910e-01, 1.760493795188722288e-08, 1.999952346086502075e-01, -2.384289210510814883e-08
1.860000044107437134e-01, 1.760484025226105587e-08, 1.999952346086502075e-01, -2.384249775388980197e-08
1.870000064373016357e-01, 1.760473544720753125e-08, 1.999952346086502075e-01, -2.384207498096202471e-08
1.880000084638595581e-01, 1.760462531308348844e-08, 1.999952346086502075e-01, -2.384162200996797765e-08
1.890000104904174805e-01, 1.760450984988892742e-08, 1.999952346086502075e-01, -2.384113884090766078e-08
1.900000125169754028e-01, 1.760447077003846061e-08, 1.999952346086502075e-01, -2.384004460509459022e-08
1.910000145435333252e-01, 1.760440504483540280e-08, 1.999952346086502075e-01, -2.383938557670717273e-08
1.920000016689300537e-01, 1.760434287234602380e-08, 1.999952346086502075e-01, -2.383916175574540830e-08
1.930000036954879761e-01, 1.760427181807244779e-08, 1.999952346086502075e-01, -2.383890773671737406e-08
1.940000057220458984e-01, 1.760419543472835358e-08, 1.999952346086502075e-01, -2.383862351962307002e-08
1.950000077486038208e-01, 1.760411372231374116e-08, 1.999952346086502075e-01, -2.383831088081933558e-08
1.960000097751617432e-01, 1.760402668082861055e-08, 1.999952346086502075e-01, -2.383796804394933133e-08
1.970000118017196655e-01, 1.760393431027296174e-08, 1.999952346086502075e-01, -2.383759500901305728e-08
1.980000138282775879e-01, 1.760383483428995532e-08, 1.999952346086502075e-01, -2.383719355236735282e-08
1.990000158548355103e-01, 1.760372825287959131e-08, 1.999952346086502075e-01, -2.383676189765537856e-08
2.000000029802322388e-01, 1.760361634239870909e-08, 1.999952346086502075e-01, -2.383630004487713450e-08
2.010000050067901611e-01, 1.760349910284730868e-08, 1.999952346086502075e-01, -2.383580799403262063e-08
2.020000070333480835e-01, 1.760337653422539006e-08, 1.999952346086502075e-01, -2.383528574512183695e-08
2.030000090599060059e-01, 1.760333034894756565e-08, 1.999952346086502075e-01, -2.383415242945829959e-08
2.040000110864639282e-01, 1.760325751831715024e-08, 1.999952346086502075e-01, -2.383345609757725470e-08
2.050000131130218506e-01, 1.760318824040041363e-08, 1.999952346086502075e-01, -2.383319497312186286e-08
2.060000151395797729e-01, 1.760311008069948002e-08, 1.999952346086502075e-01, -2.383290365060020122e-08
2.070000171661376953e-01, 1.760302659192802821e-08, 1.999952346086502075e-01, -2.383258390636910917e-08
2.080000042915344238e-01, 1.760293777408605820e-08, 1.999952346086502075e-01, -2.383223396407174732e-08
2.090000063180923462e-01, 1.760284362717356998e-08, 1.999952346086502075e-01, -2.383185382370811567e-08
2.100000083446502686e-01, 1.760274237483372417e-08, 1.999952346086502075e-01, -2.383144348527821421e-08
2.110000103712081909e-01, 1.760263401706652076e-08, 1.999952346086502075e-01, -2.383100294878204295e-08
2.120000123977661133e-01, 1.760252033022879914e-08, 1.999952346086502075e-01, -2.383053399057644128e-08
2.130000144243240356e-01, 1.760240131432055932e-08, 1.999952346086502075e-01, -2.383003483430456981e-08
2.140000164508819580e-01, 1.760236045811325312e-08, 1.999952346086502075e-01, -2.382892283492310526e-08
2.150000035762786865e-01, 1.760229295655335591e-08, 1.999952346086502075e-01, -2.382824781932413316e-08
2.160000056028366089e-01, 1.760222900770713750e-08, 1.999952346086502075e-01, -2.382800801115081413e-08
2.170000076293945312e-01, 1.760215617707672209e-08, 1.999952346086502075e-01, -2.382773800491122529e-08
2.180000096559524536e-01, 1.760207624101894908e-08, 1.999952346086502075e-01, -2.382743957696220605e-08
2.190000116825103760e-01, 1.760199097589065786e-08, 1.999952346086502075e-01, -2.382711095094691700e-08
2.200000137090682983e-01, 1.760190038169184845e-08, 1.999952346086502075e-01, -2.382675212686535815e-08
2.210000157356262207e-01, 1.760180445842252084e-08, 1.999952346086502075e-01, -2.382636310471752950e-08
2.220000177621841431e-01, 1.760170320608267502e-08, 1.999952346086502075e-01, -2.382594388450343104e-08
2.230000048875808716e-01, 1.760159484831547161e-08, 1.999952346086502075e-01, -2.382549624257990217e-08
2.240000069141387939e-01, 1.760147938512091059e-08, 1.999952346086502075e-01, -2.382501840259010351e-08
2.250000089406967163e-01, 1.760144208162728319e-08, 1.999952346086502075e-01, -2.382392771949071175e-08
2.260000109672546387e-01, 1.760137813278106478e-08, 1.999952346086502075e-01, -2.382327402017381246e-08
2.270000129938125610e-01, 1.760131773664852517e-08, 1.999952346086502075e-01, -2.382305730463940563e-08
2.280000150203704834e-01, 1.760125023508862796e-08, 1.999952346086502075e-01, -2.382281039103872899e-08
2.290000170469284058e-01, 1.760117562810137315e-08, 1.999952346086502075e-01, -2.382253327937178256e-08
2.300000041723251343e-01, 1.760109391568676074e-08, 1.999952346086502075e-01, -2.382222596963856631e-08
2.310000061988830566e-01, 1.760100687420163013e-08, 1.999952346086502075e-01, -2.382188846183908026e-08
2.320000082254409790e-01, 1.760091450364598131e-08, 1.999952346086502075e-01, -2.382152253233016381e-08
2.330000102519989014e-01, 1.760081680401981430e-08, 1.999952346086502075e-01, -2.382112640475497756e-08
2.340000122785568237e-01, 1.760071377532312908e-08, 1.999952346086502075e-01, -2.382070007911352150e-08
2.350000143051147461e-01, 1.760060364119908627e-08, 1.999952346086502075e-01, -2.382024533176263503e-08
2.360000163316726685e-01, 1.760048640164768585e-08, 1.999952346086502075e-01, -2.381976038634547876e-08
2.370000183582305908e-01, 1.760036383302576724e-08, 1.999952346086502075e-01, -2.381924524286205269e-08
2.380000054836273193e-01, 1.760031942410478223e-08, 1.999952346086502075e-01, -2.381811903262587293e-08
2.390000075101852417e-01, 1.760024836983120622e-08, 1.999952346086502075e-01, -2.381742802981534624e-08
2.400000095367431641e-01, 1.760018086827130901e-08, 1.999952346086502075e-01, -2.381717223443047260e-08
2.410000115633010864e-01, 1.760010448492721480e-08, 1.999952346086502075e-01, -2.381688624097932916e-08
2.420000135898590088e-01, 1.760002099615576299e-08, 1.999952346086502075e-01, -2.381657004946191591e-08
2.430000156164169312e-01, 1.759993217831379297e-08, 1.999952346086502075e-01, -2.381622543623507227e-08
2.440000176429748535e-01, 1.759983803140130476e-08, 1.999952346086502075e-01, -2.381585062494195881e-08
2.450000047683715820e-01, 1.759973855541829835e-08, 1.999952346086502075e-01, -2.381544561558257556e-08
2.460000067949295044e-01, 1.759963375036477373e-08, 1.999952346086502075e-01, -2.381501218451376189e-08
2.470000088214874268e-01, 1.759952183988389152e-08, 1.999952346086502075e-01, -2.381454855537867843e-08
2.480000108480453491e-01, 1.759940282397565170e-08, 1.999952346086502075e-01, -2.381405472817732516e-08
2.490000128746032715e-01, 1.759936196776834549e-08, 1.999952346086502075e-01, -2.381294983422321820e-08
2.500000000000000000e-01, 1.759929446620844828e-08, 1.999952346086502075e-01, -2.381228014769476431e-08
2.510000169277191162e-01, 1.759923051736222988e-08, 1.999952346086502075e-01, -2.381204566859196348e-08
2.520000040531158447e-01, 1.759915946308865387e-08, 1.999952346086502075e-01, -2.381178276777973224e-08
2.530000209808349609e-01, 1.759908307974455965e-08, 1.999952346086502075e-01, -2.381148966890123120e-08
2.540000081062316895e-01, 1.759899959097310784e-08, 1.999952346086502075e-01, -2.381116637195646035e-08
2.550000250339508057e-01, 1.759890899677429843e-08, 1.999952346086502075e-01, -2.381081465330225910e-08
2.560000121593475342e-01, 1.759881307350497082e-08, 1.999952346086502075e-01, -2.381043273658178805e-08
2.569999992847442627e-01, 1.759871182116512500e-08, 1.999952346086502075e-01, -2.381002062179504719e-08
2.580000162124633789e-01, 1.759860523975476099e-08, 1.999952346086502075e-01, -2.380957830894203653e-08
2.590000033378601074e-01, 1.759849332927387877e-08, 1.999952346086502075e-01, -2.380910579802275606e-08
2.600000202655792236e-01, 1.759837431336563895e-08, 1.999952346086502075e-01, -2.380860486539404519e-08
2.610000073909759521e-01, 1.759824819203004154e-08, 1.999952346086502075e-01, -2.380807373469906452e-08
2.620000243186950684e-01, 1.759820023039537773e-08, 1.999952346086502075e-01, -2.380692976089449076e-08
2.630000114440917969e-01, 1.759812562340812292e-08, 1.999952346086502075e-01, -2.380622277087240946e-08
2.639999985694885254e-01, 1.759805456913454691e-08, 1.999952346086502075e-01, -2.380595276463282062e-08
2.650000154972076416e-01, 1.759797640943361330e-08, 1.999952346086502075e-01, -2.380565256032696198e-08
2.660000026226043701e-01, 1.759789114430532209e-08, 1.999952346086502075e-01, -2.380532215795483353e-08
2.670000195503234863e-01, 1.759779877374967327e-08, 1.999952346086502075e-01, -2.380496155751643528e-08
2.680000066757202148e-01, 1.759770107412350626e-08, 1.999952346086502075e-01, -2.380457075901176722e-08
2.690000236034393311e-01, 1.759759804542682105e-08, 1.999952346086502075e-01, -2.380414976244082936e-08
2.700000107288360596e-01, 1.759748968765961763e-08, 1.999952346086502075e-01, -2.380369856780362170e-08
2.710000276565551758e-01, 1.759737422446505661e-08, 1.999952346086502075e-01, -2.380321895145698363e-08
2.720000147819519043e-01, 1.759725165584313800e-08, 1.999952346086502075e-01, -2.380271091340091516e-08
2.730000019073486328e-01, 1.759720724692215299e-08, 1.999952346086502075e-01, -2.380159003223525360e-08
2.740000188350677490e-01, 1.759713619264857698e-08, 1.999952346086502075e-01, -2.380090435849524511e-08
2.750000059604644775e-01, 1.759706869108867977e-08, 1.999952346086502075e-01, -2.380065566853772907e-08
2.760000228881835938e-01, 1.759699408410142496e-08, 1.999952346086502075e-01, -2.380037678051394323e-08
2.770000100135803223e-01, 1.759691414804365195e-08, 1.999952346086502075e-01, -2.380006769442388759e-08
2.780000269412994385e-01, 1.759682710655852134e-08, 1.999952346086502075e-01, -2.379972841026756214e-08
2.790000140666961670e-01, 1.759673295964603312e-08, 1.999952346086502075e-01, -2.379935892804496689e-08
2.800000011920928955e-01, 1.759663348366302671e-08, 1.999952346086502075e-01, -2.379896102411294123e-08
2.810000181198120117e-01, 1.759652867860950209e-08, 1.999952346086502075e-01, -2.379853292211464577e-08
2.820000052452087402e-01, 1.759641854448545928e-08, 1.999952346086502075e-01, -2.379807462205008051e-08
2.830000221729278564e-01, 1.759630308129089826e-08, 1.999952346086502075e-01, -2.379758790027608484e-08
2.840000092983245850e-01, 1.759626400144043146e-08, 1.999952346086502075e-01, -2.379648833539249608e-08
2.850000262260437012e-01, 1.759619649988053425e-08, 1.999952346086502075e-01, -2.379582397793456039e-08
2.860000133514404297e-01, 1.759613255103431584e-08, 1.999952346086502075e-01, -2.379559660425911716e-08
2.870000004768371582e-01, 1.759606149676073983e-08, 1.999952346086502075e-01, -2.379533903251740412e-08
2.880000174045562744e-01, 1.759598511341664562e-08, 1.999952346086502075e-01, -2.379505126270942128e-08
2.890000045299530029e-01, 1.759590340100203321e-08, 1.999952346086502075e-01, -2.379473507119200804e-08
2.900000214576721191e-01, 1.759581635951690259e-08, 1.999952346086502075e-01, -2.379438868160832499e-08
2.910000085830688477e-01, 1.759572221260441438e-08, 1.999952346086502075e-01, -2.379401209395837213e-08
2.920000255107879639e-01, 1.759562096026456857e-08, 1.999952346086502075e-01, -2.379360708459898888e-08
2.930000126361846924e-01, 1.759551437885420455e-08, 1.999952346086502075e-01, -2.379317187717333582e-08
2.939999997615814209e-01, 1.759540246837332234e-08, 1.999952346086502075e-01, -2.379270647168141295e-08
2.950000166893005371e-01, 1.759528522882192192e-08, 1.999952346086502075e-01, -2.379221086812322028e-08
2.960000038146972656e-01, 1.759516088384316390e-08, 1.999952346086502075e-01, -2.379168506649875781e-08
2.970000207424163818e-01, 1.759511292220850009e-08, 1.999952346086502075e-01, -2.379054819812154165e-08
2.980000078678131104e-01, 1.759503831522124528e-08, 1.999952346086502075e-01, -2.378984653716997855e-08
2.990000247955322266e-01, 1.759496726094766927e-08, 1.999952346086502075e-01, -2.378958008364406851e-08
3.000000119209289551e-01, 1.759488910124673566e-08, 1.999952346086502075e-01, -2.378928520840872807e-08
3.010000288486480713e-01, 1.759480561247528385e-08, 1.999952346086502075e-01, -2.378896013510711782e-08
3.020000159740447998e-01, 1.759471679463331384e-08, 1.999952346086502075e-01, -2.378860486373923777e-08
3.030000030994415283e-01, 1.759462087136398623e-08, 1.999952346086502075e-01, -2.378822117066192732e-08
3.040000200271606445e-01, 1.759451784266730101e-08, 1.999952346086502075e-01, -2.378780727951834706e-08
3.050000071525573730e-01, 1.759440948490009760e-08, 1.999952346086502075e-01, -2.378736319030849700e-08
3.060000240802764893e-01, 1.759429579806237598e-08, 1.999952346086502075e-01, -2.378688890303237713e-08
3.070000112056732178e-01, 1.759417678215413616e-08, 1.999952346086502075e-01, -2.378638441768998746e-08
3.080000281333923340e-01, 1.759413414958999056e-08, 1.999952346086502075e-01, -2.378526886559484410e-08
3.090000152587890625e-01, 1.759406487167325395e-08, 1.999952346086502075e-01, -2.378459029728219321e-08
3.100000023841857910e-01, 1.759399914647019614e-08, 1.999952346086502075e-01, -2.378434693639519537e-08
3.110000193119049072e-01, 1.759392453948294133e-08, 1.999952346086502075e-01, -2.378407337744192773e-08
3.120000064373016357e-01, 1.759384460342516832e-08, 1.999952346086502075e-01, -2.378377139677922969e-08
3.130000233650207520e-01, 1.759375933829687710e-08, 1.999952346086502075e-01, -2.378343921805026184e-08
3.140000104904174805e-01, 1.759366874409806769e-08, 1.999952346086502075e-01, -2.378307684125502419e-08
3.150000274181365967e-01, 1.759357104447190068e-08, 1.999952346086502075e-01, -2.378268426639351674e-08
3.160000145435333252e-01, 1.759346623941837606e-08, 1.999952346086502075e-01, -2.378226149346573948e-08
3.170000016689300537e-01, 1.759335610529433325e-08, 1.999952346086502075e-01, -2.378181029882853181e-08
3.180000185966491699e-01, 1.759324064209977223e-08, 1.999952346086502075e-01, -2.378132890612505435e-08
3.190000057220458984e-01, 1.759320333860614483e-08, 1.999952346086502075e-01, -2.378023467031198379e-08
3.200000226497650146e-01, 1.759313938975992642e-08, 1.999952346086502075e-01, -2.377957741828140570e-08
3.210000097751617432e-01, 1.759307899362738681e-08, 1.999952346086502075e-01, -2.377935537367648067e-08
3.220000267028808594e-01, 1.759300971571065020e-08, 1.999952346086502075e-01, -2.377910313100528583e-08
3.230000138282775879e-01, 1.759293333236655599e-08, 1.999952346086502075e-01, -2.377882246662466059e-08
3.240000009536743164e-01, 1.759285161995194358e-08, 1.999952346086502075e-01, -2.377851160417776555e-08
3.250000178813934326e-01, 1.759276457846681296e-08, 1.999952346086502075e-01, -2.377817054366460070e-08
3.260000050067901611e-01, 1.759267220791116415e-08, 1.999952346086502075e-01, -2.377779928508516605e-08
3.270000219345092773e-01, 1.759257450828499714e-08, 1.999952346086502075e-01, -2.377739782843946159e-08
3.280000090599060059e-01, 1.759246970323147252e-08, 1.999952346086502075e-01, -2.377696795008432673e-08
3.290000259876251221e-01, 1.759235779275059031e-08, 1.999952346086502075e-01, -2.377650787366292207e-08
3.300000131130218506e-01, 1.759224055319918989e-08, 1.999952346086502075e-01, -2.377601759917524760e-08
3.310000300407409668e-01, 1.759211798457727127e-08, 1.999952346086502075e-01, -2.377549890297814272e-08
3.320000171661376953e-01, 1.759207179929944687e-08, 1.999952346086502075e-01, -2.377436736367144476e-08
3.330000042915344238e-01, 1.759199896866903146e-08, 1.999952346086502075e-01, -2.377367103179039987e-08
3.340000212192535400e-01, 6.351561751216650009e-05, 1.999952346086502075e-01, -5.100699418392196094e-09
3.350000083446502686e-01, 1.899906637845560908e-04, 1.999952346086502075e-01, -6.553173559353808741e-09
3.360000252723693848e-01, 3.154249861836433411e-04, 1.999952346086502075e-01, -5.154163318366045132e-08
3.370000123977661133e-01, 4.398197634145617485e-04, 1.999952346086502075e-01, -1.004247707214744878e-07
3.380000293254852295e-01, 5.631747189909219742e-04, 1.999952346086502075e-01, -1.458309384361200500e-07
3.390000164508819580e-01, 6.854891544207930565e-04, 1.999952346086502075e-01, -1.917952516805598862e-07
3.400000035762786865e-01, 8.067626040428876877e-04, 1.999952346086502075e-01, -2.379370300786831649e-07
3.410000205039978027e-01, 9.271451272070407867e-04, 1.999952346086502075e-01, -2.796021192352782236e-07
3.420000076293945312e-01, 1.046786550432443619e-03, 1.999952346086502075e-01, -3.162668633649445837e-07
3.430000245571136475e-01, 1.165686291642487049e-03, 1.999952346086502075e-01, -3.479245833659661002e-07
3.440000116825103760e-01, 1.283843186683952808e-03, 1.999952346086502075e-01, -3.840295335066912230e-07
3.450000286102294922e-01, 1.401256420649588108e-03, 1.999952346086502075e-01, -4.259661636751843616e-07
3.460000157356262207e-01, 1.517925760708749294e-03, 1.999952346086502075e-01, -4.677288814036728581e-07
3.470000028610229492e-01, 1.633850508369505405e-03, 1.999952346086502075e-01, -5.093372692499542609e-07
3.480000197887420654e-01, 1.749029848724603653e-03, 1.999952346086502075e-01, -5.508286449185106903e-07
3.490000069141387939e-01, 1.863463083282113075e-03, 1.999952346086502075e-01, -5.922307764194556512e-07
3.500000238418579102e-01, 1.977149629965424538e-03, 1.999952346086502075e-01, -6.335516786748485174e-07
3.510000109672546387e-01, 2.090100664645433426e-03, 1.999952346086502075e-01, -6.736823934261337854e-07
3.520000278949737549e-01, 2.202327363193035126e-03, 1.999952346086502075e-01, -7.122642387002997566e-07
3.530000150203704834e-01, 2.313829027116298676e-03, 1.999952346086502075e-01, -7.502442258555674925e-07
3.540000021457672119e-01, 2.424604957923293114e-03, 1.999952346086502075e-01, -7.879145300648815464e-07
3.550000190734863281e-01, 2.534654689952731133e-03, 1.999952346086502075e-01, -8.254062890955538023e-07
3.560000061988830566e-01, 2.643977524712681770e-03, 1.999952346086502075e-01, -8.627788474768749438e-07
3.570000231266021729e-01, 2.752572530880570412e-03, 1.999952346086502075e-01, -9.000555110105779022e-07
3.580000102519989014e-01, 2.860439009964466095e-03, 1.999952346086502075e-01, -9.372536169394152239e-07
3.590000271797180176e-01, 2.967576496303081512e-03, 1.999952346086502075e-01, -9.743861255628871731e-07
3.600000143051147461e-01, 3.073984291404485703e-03, 1.999952346086502075e-01, -1.011444965115515515e-06
3.610000312328338623e-01, 3.179673338308930397e-03, 1.999952346086502075e-01, -1.047144564836344216e-06
3.620000183582305908e-01, 3.284654580056667328e-03, 1.999952346086502075e-01, -1.081038135453127325e-06
3.630000054836273193e-01, 3.388927085325121880e-03, 1.999952346086502075e-01, -1.114210476771404501e-06
3.640000224113464355e-01, 3.492490155622363091e-03, 1.999952346086502075e-01, -1.147033231063687708e-06
3.650000095367431641e-01, 3.595343325287103653e-03, 1.999952346086502075e-01, -1.179669084194756579e-06
3.660000264644622803e-01, 3.697486128658056259e-03, 1.999952346086502075e-01, -1.212181018672708888e-06
3.670000135898590088e-01, 3.798917867243289948e-03, 1.999952346086502075e-01, -1.244603367922536563e-06
3.680000305175781250e-01, 3.899637609720230103e-03, 1.999952346086502075e-01, -1.276952730222546961e-06
3.690000176429748535e-01, 3.999644890427589417e-03, 1.999952346086502075e-01, -1.309234221480437554e-06
3.700000047683715820e-01, 4.098938778042793274e-03, 1.999952346086502075e-01, -1.341452502856554929e-06
3.710000216960906982e-01, 4.197529982775449753e-03, 1.999952346086502075e-01, -1.372373276353755500e-06
3.720000088214874268e-01, 4.295429214835166931e-03, 1.999952346086502075e-01, -1.401564190928183962e-06
3.730000257492065430e-01, 4.392636008560657501e-03, 1.999952346086502075e-01, -1.430070710739528295e-06
3.740000128746032715e-01, 4.489149432629346848e-03, 1.999952346086502075e-01, -1.458253450437041465e-06
3.750000298023223877e-01, 4.584968555718660355e-03, 1.999952346086502075e-01, -1.486262021899165120e-06
3.760000169277191162e-01, 4.680092912167310715e-03, 1.999952346086502075e-01, -1.514157361270918045e-06
3.770000040531158447e-01, 4.774522036314010620e-03, 1.999952346086502075e-01, -1.541967208140704315e-06
3.780000209808349609e-01, 4.868255462497472763e-03, 1.999952346086502075e-01, -1.569709411342046224e-06
3.790000081062316895e-01, 4.961292725056409836e-03, 1.999952346086502075e-01, -1.597398863850685302e-06
3.800000250339508057e-01, 5.053632892668247223e-03, 1.999952346086502075e-01, -1.625028971830033697e-06
3.810000121593475342e-01, 5.145286209881305695e-03, 1.999952346086502075e-01, -1.651404545555124059e-06
3.820000290870666504e-01, 5.236262921243906021e-03, 1.999952346086502075e-01, -1.676108581705193501e-06
3.830000162124633789e-01, 5.326562095433473587e-03, 1.999952346086502075e-01, -1.700158918538363650e-06
3.840000033378601074e-01, 5.416183266788721085e-03, 1.999952346086502075e-01, -1.723895479699422140e-06
3.850000202655792236e-01, 5.505125969648361206e-03, 1.999952346086502075e-01, -1.747467877066810615e-06
3.860000073909759521e-01, 5.593389272689819336e-03, 1.999952346086502075e-01, -1.770942617440596223e-06
3.870000243186950684e-01, 5.680972710251808167e-03, 1.999952346086502075e-01, -1.794347099348669872e-06
3.880000114440917969e-01, 5.767875816673040390e-03, 1.999952346086502075e-01, -1.817695647332584485e-06
3.890000283718109131e-01, 5.854098126292228699e-03, 1.999952346086502075e-01, -1.840993718360550702e-06
3.900000154972076416e-01, 5.939639173448085785e-03, 1.999952346086502075e-01, -1.864243699856160674e-06
3.910000324249267578e-01, 6.024508271366357803e-03, 1.999952346086502075e-01, -1.886288146124570630e-06
3.920000195503234863e-01, 6.108715198934078217e-03, 1.999952346086502075e-01, -1.906725856315460987e-06
3.930000066757202148e-01, 6.192259490489959717e-03, 1.999952346086502075e-01, -1.926539198393584229e-06
3.940000236034393311e-01, 6.275140680372714996e-03, 1.999952346086502075e-01, -1.946054680956876837e-06
3.950000107288360596e-01, 6.357358302921056747e-03, 1.999952346086502075e-01, -1.965412138815736398e-06
3.960000276565551758e-01, 6.438911892473697662e-03, 1.999952346086502075e-01, -1.984680693567497656e-06
3.970000147819519043e-01, 6.519800983369350433e-03, 1.999952346086502075e-01, -2.003889449042617343e-06
3.980000317096710205e-01, 6.600024644285440445e-03, 1.999952346086502075e-01, -2.023044316956656985e-06
3.990000188350677490e-01, 6.679582409560680389e-03, 1.999952346086502075e-01, -2.042157802861765958e-06
4.000000059604644775e-01, 6.758473813533782959e-03, 1.999952346086502075e-01, -2.061234908978804015e-06
4.010000228881835938e-01, 6.836708169430494308e-03, 1.999952346086502075e-01, -2.079146042888169177e-06
4.020000100135803223e-01, 6.914295256137847900e-03, 1.999952346086502075e-01, -2.095510126309818588e-06
4.030000269412994385e-01, 6.991234142333269119e-03, 1.999952346086502075e-01, -2.111277353833429515e-06
4.040000140666961670e-01, 7.067524362355470657e-03, 1.999952346086502075e-01, -2.126758772647008300e-06
4.050000309944152832e-01, 7.143165450543165207e-03, 1.999952346086502075e-01, -2.142102630386943929e-06
4.060000181198120117e-01, 7.218156475573778152e-03, 1.999952346086502075e-01, -2.157364633603719994e-06
4.070000052452087402e-01, 7.292497437447309494e-03, 1.999952346086502075e-01, -2.172570020775310695e-06
4.080000221729278564e-01, 7.366187870502471924e-03, 1.999952346086502075e-01, -2.187733571190619841e-06
4.090000092983245850e-01, 7.439227309077978134e-03, 1.999952346086502075e-01, -2.202858922828454524e-06
4.100000262260437012e-01, 7.511615287512540817e-03, 1.999952346086502075e-01, -2.217954033767455257e-06
4.110000133514404297e-01, 7.583360653370618820e-03, 1.999952346086502075e-01, -2.231942062280722894e-06
4.120000302791595459e-01, 7.654472254216670990e-03, 1.999952346086502075e-01, -2.244443521703942679e-06
4.130000174045562744e-01, 7.724949624389410019e-03, 1.999952346086502075e-01, -2.256375182696501724e-06
4.140000343322753906e-01, 7.794792298227548599e-03, 1.999952346086502075e-01, -2.268043317599222064e-06
4.150000214576721191e-01, 7.864000275731086731e-03, 1.999952346086502075e-01, -2.279578893649158999e-06
4.160000085830688477e-01, 7.932572625577449799e-03, 1.999952346086502075e-01, -2.291037162649445236e-06
4.170000255107879639e-01, 8.000508882105350494e-03, 1.999952346086502075e-01, -2.302449729540967382e-06
4.180000126361846924e-01, 8.067808113992214203e-03, 1.999952346086502075e-01, -2.313829327249550261e-06
4.190000295639038086e-01, 8.094172924757003784e-03, 2.000019550323486328e-01, 3.124533031950704753e-05
4.200000166893005371e-01, 8.080285042524337769e-03, 2.000146061182022095e-01, 9.452294762013480067e-05
4.210000336170196533e-01, 8.065898902714252472e-03, 2.000463753938674927e-01, 1.485263783251866698e-04
4.220000207424163818e-01, 8.049858734011650085e-03, 2.001179307699203491e-01, 1.900618663057684898e-04
4.230000078678131104e-01, 8.032233454287052155e-03, 2.002292573451995850e-01, 2.175046683987602592e-04
4.240000247955322266e-01, 8.013018406927585602e-03, 2.003803700208663940e-01, 2.308145922143012285e-04
4.250000119209289551e-01, 7.992194965481758118e-03, 2.005712687969207764e-01, 2.298992330906912684e-04
4.260000288486480713e-01, 7.969748228788375854e-03, 2.008019685745239258e-01, 2.147087361663579941e-04
4.270000159740447998e-01, 7.945677265524864197e-03, 2.010724842548370361e-01, 1.852502900874242187e-04
4.280000329017639160e-01, 7.919981144368648529e-03, 2.013828158378601074e-01, 1.415317383361980319e-04
4.290000200271606445e-01, 7.892657071352005005e-03, 2.017329782247543335e-01, 8.356157923117280006e-05
4.300000071525573730e-01, 7.863702252507209778e-03, 2.021229863166809082e-01, 1.134901776822516695e-05
4.310000240802764893e-01, 7.833469659090042114e-03, 2.025520503520965576e-01, -6.248759018490090966e-05
4.320000112056732178e-01, 7.802312262356281281e-03, 2.030193805694580078e-01, -1.253497321158647537e-04
4.330000281333923340e-01, 7.770227268338203430e-03, 2.035250067710876465e-01, -1.772619434632360935e-04
4.340000152587890625e-01, 7.737210951745510101e-03, 2.040689438581466675e-01, -2.182380558224394917e-04
4.350000321865081787e-01, 7.703259121626615524e-03, 2.046512067317962646e-01, -2.482922282069921494e-04
4.360000193119049072e-01, 7.668367121368646622e-03, 2.052718400955200195e-01, -2.674425195436924696e-04
4.370000064373016357e-01, 7.632530760020017624e-03, 2.059308588504791260e-01, -2.757047186605632305e-04
4.380000233650207520e-01, 7.595745380967855453e-03, 2.066282927989959717e-01, -2.730941341724246740e-04
4.390000104904174805e-01, 7.558006327599287033e-03, 2.073641717433929443e-01, -2.596262493170797825e-04
4.400000274181365967e-01, 7.519308943301439285e-03, 2.081385254859924316e-01, -2.353170712012797594e-04
4.410000145435333252e-01, 7.485952693969011307e-03, 2.089476585388183594e-01, -1.945945405168458819e-04
4.420000314712524414e-01, 7.464236114174127579e-03, 2.097878158092498779e-01, -1.319963485002517700e-04
4.430000185966491699e-01, 7.454069796949625015e-03, 2.106590270996093750e-01, -4.802044350071810186e-05
4.440000355243682861e-01, 7.455367594957351685e-03, 2.115613371133804321e-01, 5.686164877261035144e-05
4.450000226497650146e-01, 7.468132302165031433e-03, 2.124947011470794678e-01, 1.824603386921808124e-04
4.460000097751617432e-01, 7.492370437830686569e-03, 2.134590744972229004e-01, 3.285759885329753160e-04
4.470000267028808594e-01, 7.528088055551052094e-03, 2.144544124603271484e-01, 4.950014990754425526e-04
4.480000138282775879e-01, 7.575292140245437622e-03, 2.154806554317474365e-01, 6.815220112912356853e-04
4.490000307559967041e-01, 7.633990142494440079e-03, 2.165377587080001831e-01, 8.879154338501393795e-04
4.500000178813934326e-01, 7.704189512878656387e-03, 2.176256626844406128e-01, 1.113951788283884525e-03
4.510000348091125488e-01, 7.797070778906345367e-03, 2.187311202287673950e-01, 1.350975944660604000e-03
4.520000219345092773e-01, 7.923809811472892761e-03, 2.198409438133239746e-01, 1.590393716469407082e-03
4.530000090599060059e-01, 8.084404282271862030e-03, 2.209551930427551270e-01, 1.832094159908592701e-03
4.540000259876251221e-01, 8.278850466012954712e-03, 2.220739275217056274e-01, 2.075967611744999886e-03
4.550000131130218506e-01, 8.507144637405872345e-03, 2.231971919536590576e-01, 2.321905223652720451e-03
4.560000300407409668e-01, 8.769283071160316467e-03, 2.243250459432601929e-01, 2.569798845797777176e-03
4.570000171661376953e-01, 9.065260179340839386e-03, 2.254575490951538086e-01, 2.819542074576020241e-03
4.580000340938568115e-01, 9.395067580044269562e-03, 2.265945225954055786e-01, 3.070541191846132278e-03
4.590000212192535400e-01, 9.758698754012584686e-03, 2.277357578277587891e-01, 3.322124714031815529e-03
4.600000083446502686e-01, 1.015614811331033707e-02, 2.288812696933746338e-01, 3.574101254343986511e-03
4.610000252723693848e-01, 1.057073380798101425e-02, 2.300272583961486816e-01, 3.826145315542817116e-03
4.620000123977661133e-01, 1.098577491939067841e-02, 2.311698943376541138e-01, 4.078011494129896164e-03
4.630000293254852295e-01, 1.140126399695873260e-02, 2.323091775178909302e-01, 4.329719115048646927e-03
4.640000164508819580e-01, 1.181719265878200531e-02, 2.334451228380203247e-01, 4.581270739436149597e-03
4.650000333786010742e-01, 1.223355345427989960e-02, 2.345777302980422974e-01, 4.832664504647254944e-03
4.660000205039978027e-01, 1.265033800154924393e-02, 2.357070147991180420e-01, 5.083894357085227966e-03
4.670000076293945312e-01, 1.306753885000944138e-02, 2.368329912424087524e-01, 5.334957037121057510e-03
4.680000245571136475e-01, 1.348514854907989502e-02, 2.379556596279144287e-01, 5.585850682109594345e-03
4.690000116825103760e-01, 1.390315964818000793e-02, 2.390750199556350708e-01, 5.836573895066976547e-03
4.700000286102294922e-01, 1.432156469672918320e-02, 2.401910722255706787e-01, 6.087124813348054886e-03
4.710000157356262207e-01, 1.473958697170019150e-02, 2.413037717342376709e-01, 6.337252911180257797e-03
4.720000326633453369e-01, 1.515644975006580353e-02, 2.424130588769912720e-01, 6.586679257452487946e-03
4.730000197887420654e-01, 1.557214464992284775e-02, 2.435189336538314819e-01, 6.835376378148794174e-03
4.740000367164611816e-01, 1.598666608333587646e-02, 2.446214109659194946e-01, 7.083348464220762253e-03
4.750000238418579102e-01, 1.640000380575656891e-02, 2.457204908132553101e-01, 7.330600172281265259e-03
4.760000109672546387e-01, 1.681215129792690277e-02, 2.468161880970001221e-01, 7.577137090265750885e-03
4.770000278949737549e-01, 1.722310110926628113e-02, 2.479085028171539307e-01, 7.822965271770954132e-03
4.780000150203704834e-01, 1.763284578919410706e-02, 2.489974349737167358e-01, 8.068089373409748077e-03
4.790000319480895996e-01, 1.804137788712978363e-02, 2.500829994678497314e-01, 8.312516845762729645e-03
4.800000190734863281e-01, 1.844855211675167084e-02, 2.511649727821350098e-01, 8.557519875466823578e-03
4.810000360012054443e-01, 1.885450072586536407e-02, 2.522436082363128662e-01, 8.801705203950405121e-03
4.820000231266021729e-01, 1.925876550376415253e-02, 2.533171176910400391e-01, 9.045208804309368134e-03
4.830000102519989014e-01, 1.966183260083198547e-02, 2.543872892856597900e-01, 9.288029745221138000e-03
4.840000271797180176e-01, 2.006429806351661682e-02, 2.554562091827392578e-01, 9.528754279017448425e-03
4.850000143051147461e-01, 2.046543359756469727e-02, 2.565217018127441406e-01, 9.768340736627578735e-03
4.860000312328338623e-01, 2.086462639272212982e-02, 2.575817108154296875e-01, 1.000822428613901138e-02
4.870000183582305908e-01, 2.126268111169338226e-02, 2.586385905742645264e-01, 1.024778001010417938e-02
4.880000352859497070e-01, 2.166019566357135773e-02, 2.596943974494934082e-01, 1.048558112233877182e-02
4.890000224113464355e-01, 2.205645665526390076e-02, 2.607469260692596436e-01, 1.072268560528755188e-02
4.900000095367431641e-01, 2.245145663619041443e-02, 2.617961764335632324e-01, 1.095909066498279572e-02
4.910000264644622803e-01, 2.284510433673858643e-02, 2.628419101238250732e-01, 1.119606290012598038e-02
4.920000135898590088e-01, 2.323757484555244446e-02, 2.638844251632690430e-01, 1.143223885446786880e-02
4.930000305175781250e-01, 2.362839691340923309e-02, 2.649218738079071045e-01, 1.166779734194278717e-02
4.940000176429748535e-01, 2.401804178953170776e-02, 2.659561336040496826e-01, 1.190268713980913162e-02
4.950000345706939697e-01, 2.440710365772247314e-02, 2.669893205165863037e-01, 1.213546376675367355e-02
4.960000216960906982e-01, 2.479487657546997070e-02, 2.680191397666931152e-01, 1.236710511147975922e-02
4.970000088214874268e-01, 2.518075332045555115e-02, 2.690434753894805908e-01, 1.259907148778438568e-02
4.980000257492065430e-01, 2.556551061570644379e-02, 2.700648009777069092e-01, 1.283074822276830673e-02
4.990000128746032715e-01, 2.594974264502525330e-02, 2.710852622985839844e-01, 1.306071318686008453e-02
5.000000000000000000e-01, 2.633275091648101807e-02, 2.721025645732879639e-01, 1.329003274440765381e-02
5.010000467300415039e-01, 2.671457827091217041e-02, 2.731167376041412354e-01, 1.351866032928228378e-02
5.020000338554382324e-01, 2.709467522799968719e-02, 2.741255760192871094e-01, 1.374797988682985306e-02
5.030000209808349609e-01, 2.747362852096557617e-02, 2.751312851905822754e-01, 1.397656835615634918e-02
5.040000081062316895e-01, 2.785202674567699432e-02, 2.761361002922058105e-01, 1.420304086059331894e-02
5.049999952316284180e-01, 2.822927013039588928e-02, 2.771378159523010254e-01, 1.442882977426052094e-02
5.060000419616699219e-01, 2.860525622963905334e-02, 2.781362235546112061e-01, 1.465344708412885666e-02
5.070000290870666504e-01, 2.897938527166843414e-02, 2.791290879249572754e-01, 1.487832050770521164e-02
5.080000162124633789e-01, 2.935243397951126099e-02, 2.801190912723541260e-01, 1.510296296328306198e-02
5.090000033378601074e-01, 2.972498908638954163e-02, 2.811084985733032227e-01, 1.532599236816167831e-02
5.100000500679016113e-01, 3.009635582566261292e-02, 2.820948660373687744e-01, 1.554839685559272766e-02
5.110000371932983398e-01, 3.046657703816890717e-02, 2.830781936645507812e-01, 1.577012240886688232e-02
5.120000243186950684e-01, 3.083556331694126129e-02, 2.840581238269805908e-01, 1.599239371716976166e-02
5.130000114440917969e-01, 3.120343014597892761e-02, 2.850350141525268555e-01, 1.621389202773571014e-02
5.139999985694885254e-01, 3.156970813870429993e-02, 2.860069572925567627e-01, 1.643477194011211395e-02
5.150000452995300293e-01, 3.193487599492073059e-02, 2.869758903980255127e-01, 1.665503717958927155e-02
5.160000324249267578e-01, 3.229952231049537659e-02, 2.879441082477569580e-01, 1.687331125140190125e-02
5.170000195503234863e-01, 3.266303241252899170e-02, 2.889093458652496338e-01, 1.709093712270259857e-02
5.180000066757202148e-01, 3.302530571818351746e-02, 2.898713052272796631e-01, 1.730739325284957886e-02
5.190000534057617188e-01, 3.338574990630149841e-02, 2.908277213573455811e-01, 1.752408221364021301e-02
5.200000405311584473e-01, 3.374513983726501465e-02, 2.917814552783966064e-01, 1.774061471223831177e-02
5.210000276565551758e-01, 3.410410508513450623e-02, 2.927348017692565918e-01, 1.795559749007225037e-02
5.220000147819519043e-01, 3.446200117468833923e-02, 2.936852276325225830e-01, 1.816992461681365967e-02
5.230000019073486328e-01, 3.481882065534591675e-02, 2.946327328681945801e-01, 1.838358119130134583e-02
5.240000486373901367e-01, 3.517455607652664185e-02, 2.955773174762725830e-01, 1.859656907618045807e-02
5.250000357627868652e-01, 3.552861139178276062e-02, 2.965166270732879639e-01, 1.881027407944202423e-02
5.260000228881835938e-01, 3.588157519698143005e-02, 2.974530160427093506e-01, 1.902331411838531494e-02
5.270000100135803223e-01, 3.623403236269950867e-02, 2.983888685703277588e-01, 1.923432946205139160e-02
5.279999971389770508e-01, 3.658538311719894409e-02, 2.993218302726745605e-01, 1.944472081959247589e-02
5.290000438690185547e-01, 3.693562373518943787e-02, 3.002519011497497559e-01, 1.965448446571826935e-02
5.300000309944152832e-01, 3.728464990854263306e-02, 3.011787533760070801e-01, 1.986308768391609192e-02
5.310000181198120117e-01, 3.763252124190330505e-02, 3.021026253700256348e-01, 2.007172256708145142e-02
5.320000052452087402e-01, 3.797877952456474304e-02, 3.030214607715606689e-01, 2.028228528797626495e-02
5.330000519752502441e-01, 3.832424059510231018e-02, 3.039374053478240967e-01, 2.049235627055168152e-02
5.340000391006469727e-01, 3.866969048976898193e-02, 3.048523962497711182e-01, 2.070157043635845184e-02
5.350000262260437012e-01, 3.901387006044387817e-02, 3.057647347450256348e-01, 2.090954594314098358e-02
5.360000133514404297e-01, 3.935662657022476196e-02, 3.066747784614562988e-01, 2.111492678523063660e-02
5.370000004768371582e-01, 3.969826176762580872e-02, 3.075814843177795410e-01, 2.131877094507217407e-02
5.380000472068786621e-01, 4.003905877470970154e-02, 3.084848523139953613e-01, 2.152316458523273468e-02
5.390000343322753906e-01, 4.037872701883316040e-02, 3.093853592872619629e-01, 2.172666974365711212e-02
5.400000214576721191e-01, 4.071729257702827454e-02, 3.102828264236450195e-01, 2.193039096891880035e-02
5.410000085830688477e-01, 4.105472192168235779e-02, 3.111778199672698975e-01, 2.213639579713344574e-02
5.420000553131103516e-01, 4.139094799757003784e-02, 3.120709359645843506e-01, 2.233996801078319550e-02
5.430000424385070801e-01, 4.172653704881668091e-02, 3.129608333110809326e-01, 2.254161611199378967e-02
5.440000295639038086e-01, 4.206090793013572693e-02, 3.138472139835357666e-01, 2.274165861308574677e-02
5.450000166893005371e-01, 4.239437729120254517e-02, 3.147309124469757080e-01, 2.294170483946800232e-02
5.460000038146972656e-01, 4.272601380944252014e-02, 3.156101107597351074e-01, 2.314512617886066437e-02
5.470000505447387695e-01, 4.305654019117355347e-02, 3.164866864681243896e-01, 2.334532141685485840e-02
5.480000376701354980e-01, 4.338807240128517151e-02, 3.173593580722808838e-01, 2.354014478623867035e-02
5.490000247955322266e-01, 4.371838271617889404e-02, 3.182298541069030762e-01, 2.373566851019859314e-02
5.500000119209289551e-01, 4.404658451676368713e-02, 3.191013634204864502e-01, 2.393225580453872681e-02
5.509999990463256836e-01, 4.437377303838729858e-02, 3.199701905250549316e-01, 2.412823028862476349e-02
5.520000457763671875e-01, 4.470018297433853149e-02, 3.208358287811279297e-01, 2.432459034025669098e-02
5.530000329017639160e-01, 4.502549767494201660e-02, 3.216979503631591797e-01, 2.451906725764274597e-02
5.540000200271606445e-01, 4.535089433193206787e-02, 3.225544393062591553e-01, 2.470966242253780365e-02
5.550000071525573730e-01, 4.567523300647735596e-02, 3.234087824821472168e-01, 2.490257471799850464e-02
5.560000538825988770e-01, 4.599700495600700378e-02, 3.242632150650024414e-01, 2.509997598826885223e-02
5.570000410079956055e-01, 4.631804674863815308e-02, 3.251153528690338135e-01, 2.529554255306720734e-02
5.580000281333923340e-01, 4.663836583495140076e-02, 3.259651660919189453e-01, 2.548751421272754669e-02
5.590000152587890625e-01, 4.695745185017585754e-02, 3.268114626407623291e-01, 2.567772567272186279e-02
5.600000023841857910e-01, 4.727543890476226807e-02, 3.276534080505371094e-01, 2.586499042809009552e-02
5.610000491142272949e-01, 4.759275913238525391e-02, 3.284929990768432617e-01, 2.605326101183891296e-02
5.620000362396240234e-01, 4.791031405329704285e-02, 3.293283581733703613e-01, 2.624391205608844757e-02
5.630000233650207520e-01, 4.822649806737899780e-02, 3.301609456539154053e-01, 2.643535099923610687e-02
5.640000104904174805e-01, 4.854068160057067871e-02, 3.309947550296783447e-01, 2.662599831819534302e-02
5.649999976158142090e-01, 4.885406047105789185e-02, 3.318263590335845947e-01, 2.681350708007812500e-02
5.660000443458557129e-01, 4.916624352335929871e-02, 3.326545059680938721e-01, 2.699928171932697296e-02
5.670000314712524414e-01, 4.947775229811668396e-02, 3.334799408912658691e-01, 2.718308195471763611e-02
5.680000185966491699e-01, 4.978830739855766296e-02, 3.343032300472259521e-01, 2.736870385706424713e-02
5.690000057220458984e-01, 5.009762942790985107e-02, 3.351245224475860596e-01, 2.755552344024181366e-02
5.700000524520874023e-01, 5.040689185261726379e-02, 3.359403908252716064e-01, 2.773957513272762299e-02
5.710000395774841309e-01, 5.071411654353141785e-02, 3.367489874362945557e-01, 2.792532742023468018e-02
5.720000267028808594e-01, 5.101964622735977173e-02, 3.375583887100219727e-01, 2.811131440103054047e-02
5.730000138282775879e-01, 5.132535099983215332e-02, 3.383700251579284668e-01, 2.829450368881225586e-02
5.740000009536743164e-01, 5.163012817502021790e-02, 3.391791582107543945e-01, 2.847710810601711273e-02
5.750000476837158203e-01, 5.193487554788589478e-02, 3.399825990200042725e-01, 2.865872345864772797e-02
5.760000348091125488e-01, 5.223868787288665771e-02, 3.407835364341735840e-01, 2.883977629244327545e-02
5.770000219345092773e-01, 5.254065990447998047e-02, 3.415851593017578125e-01, 2.902069129049777985e-02
5.780000090599060059e-01, 5.284168943762779236e-02, 3.423843085765838623e-01, 2.920106053352355957e-02
5.790000557899475098e-01, 5.314176902174949646e-02, 3.431809842586517334e-01, 2.938089333474636078e-02
5.800000429153442383e-01, 5.344089493155479431e-02, 3.439751863479614258e-01, 2.956019528210163116e-02
5.810000300407409668e-01, 5.374000966548919678e-02, 3.447637557983398438e-01, 2.973851189017295837e-02
5.820000171661376953e-01, 5.403823032975196838e-02, 3.455499112606048584e-01, 2.991624549031257629e-02
5.830000042915344238e-01, 5.433464422821998596e-02, 3.463368415832519531e-01, 3.009382821619510651e-02
5.840000510215759277e-01, 5.463015660643577576e-02, 3.471213579177856445e-01, 3.027084283530712128e-02
5.850000381469726562e-01, 5.492476001381874084e-02, 3.479034900665283203e-01, 3.044730238616466522e-02
5.860000252723693848e-01, 5.521833524107933044e-02, 3.486827015876770020e-01, 3.062254749238491058e-02
5.870000123977661133e-01, 5.551215633749961853e-02, 3.494561314582824707e-01, 3.079565241932868958e-02
5.879999995231628418e-01, 5.580501258373260498e-02, 3.502271175384521484e-01, 3.097053244709968567e-02
5.890000462532043457e-01, 5.609503015875816345e-02, 3.509957790374755859e-01, 3.114940412342548370e-02
5.900000333786010742e-01, 5.638428404927253723e-02, 3.517626821994781494e-01, 3.132612630724906921e-02
5.910000205039978027e-01, 5.667339637875556946e-02, 3.525305688381195068e-01, 3.149939700961112976e-02
5.920000076293945312e-01, 5.696164444088935852e-02, 3.532960712909698486e-01, 3.167210146784782410e-02
5.930000543594360352e-01, 5.724902451038360596e-02, 3.540592193603515625e-01, 3.184425458312034607e-02
5.940000414848327637e-01, 5.753644555807113647e-02, 3.548167943954467773e-01, 3.201542049646377563e-02
5.950000286102294922e-01, 5.782298743724822998e-02, 3.555720150470733643e-01, 3.218605741858482361e-02
5.960000157356262207e-01, 5.810773000121116638e-02, 3.563281297683715820e-01, 3.235660865902900696e-02
5.970000028610229492e-01, 5.839158594608306885e-02, 3.570819199085235596e-01, 3.252663835883140564e-02
5.980000495910644531e-01, 5.867443233728408813e-02, 3.578327894210815430e-01, 3.269547224044799805e-02
5.990000367164611816e-01, 5.895638465881347656e-02, 3.585813343524932861e-01, 3.286378085613250732e-02
6.000000238418579102e-01, 5.923848226666450500e-02, 3.593249022960662842e-01, 3.303181380033493042e-02
6.010000109672546387e-01, 5.951971188187599182e-02, 3.600661456584930420e-01, 3.319935500621795654e-02
6.020000576972961426e-01, 5.979905277490615845e-02, 3.608077466487884521e-01, 3.336612507700920105e-02
6.030000448226928711e-01, 6.007755175232887268e-02, 3.615470528602600098e-01, 3.353235498070716858e-02
6.040000319480895996e-01, 6.035521999001502991e-02, 3.622842133045196533e-01, 3.369990736246109009e-02
6.050000190734863281e-01, 6.063197925686836243e-02, 3.630188703536987305e-01, 3.386660292744636536e-02
6.060000061988830566e-01, 6.090817227959632874e-02, 3.637510240077972412e-01, 3.403042629361152649e-02
6.070000529289245605e-01, 6.118350848555564880e-02, 3.644806444644927979e-01, 3.419370204210281372e-02
6.080000400543212891e-01, 6.145804002881050110e-02, 3.652075231075286865e-01, 3.435990586876869202e-02
6.090000271797180176e-01, 6.173183023929595947e-02, 3.659324645996093750e-01, 3.452550619840621948e-02
6.100000143051147461e-01, 6.200461462140083313e-02, 3.666546046733856201e-01, 3.468595072627067566e-02
6.110000014305114746e-01, 6.227637827396392822e-02, 3.673743605613708496e-01, 3.484741225838661194e-02
6.120000481605529785e-01, 6.254722923040390015e-02, 3.680935204029083252e-01, 3.501082956790924072e-02
6.130000352859497070e-01, 6.281757354736328125e-02, 3.688101768493652344e-01, 3.517369925975799561e-02
6.140000224113464355e-01, 6.308716535568237305e-02, 3.695243597030639648e-01, 3.533553332090377808e-02
6.150000095367431641e-01, 6.335523724555969238e-02, 3.702337145805358887e-01, 3.549644351005554199e-02
6.160000562667846680e-01, 6.362256407737731934e-02, 3.709407448768615723e-01, 3.565814346075057983e-02
6.170000433921813965e-01, 6.388964504003524780e-02, 3.716484308242797852e-01, 3.581812605261802673e-02
6.180000305175781250e-01, 6.415676325559616089e-02, 3.723507523536682129e-01, 3.597565740346908569e-02
6.190000176429748535e-01, 6.442294269800186157e-02, 3.730512261390686035e-01, 3.613337501883506775e-02
6.200000047683715820e-01, 6.468723714351654053e-02, 3.737530708312988281e-01, 3.629179298877716064e-02
6.210000514984130859e-01, 6.495071202516555786e-02, 3.744527399539947510e-01, 3.644972667098045349e-02
6.220000386238098145e-01, 6.521339714527130127e-02, 3.751503229141235352e-01, 3.660719841718673706e-02
6.230000257492065430e-01, 6.547529250383377075e-02, 3.758457899093627930e-01, 3.676418215036392212e-02
6.240000128746032715e-01, 6.573639065027236938e-02, 3.765391111373901367e-01, 3.692066296935081482e-02
6.250000000000000000e-01, 6.599668413400650024e-02, 3.772303164005279541e-01, 3.707664832472801208e-02
6.260000467300415039e-01, 6.625583022832870483e-02, 3.779162466526031494e-01, 3.723444789648056030e-02
6.270000338554382324e-01, 6.651417165994644165e-02, 3.786000609397888184e-01, 3.739174455404281616e-02
6.280000209808349609e-01, 6.677223742008209229e-02, 3.792841434478759766e-01, 3.754501044750213623e-02
6.290000081062316895e-01, 6.702956557273864746e-02, 3.799659013748168945e-01, 3.769811987876892090e-02
6.300000548362731934e-01, 6.728615611791610718e-02, 3.806455433368682861e-01, 3.785321488976478577e-02
6.310000419616699219e-01, 6.754194945096969604e-02, 3.813230693340301514e-01, 3.800699487328529358e-02
6.320000290870666504e-01, 6.779698282480239868e-02, 3.819982707500457764e-01, 3.815725445747375488e-02
6.330000162124633789e-01, 6.805117428302764893e-02, 3.826716244220733643e-01, 3.830757737159729004e-02
6.340000033378601074e-01, 6.830450147390365601e-02, 3.833434283733367920e-01, 3.846010565757751465e-02
6.350000500679016113e-01, 6.855706125497817993e-02, 3.840131461620330811e-01, 3.861215338110923767e-02
6.360000371932983398e-01, 6.880854070186614990e-02, 3.846806287765502930e-01, 3.876214101910591125e-02
6.370000243186950684e-01, 6.906045228242874146e-02, 3.853425383567810059e-01, 3.890975192189216614e-02
6.380000114440917969e-01, 6.931153684854507446e-02, 3.860023021697998047e-01, 3.905935212969779968e-02
6.390000581741333008e-01, 6.956061720848083496e-02, 3.866634666919708252e-01, 3.921035304665565491e-02
6.400000452995300293e-01, 6.980907917022705078e-02, 3.873232603073120117e-01, 3.935911506414413452e-02
6.410000324249267578e-01, 7.005617022514343262e-02, 3.879780173301696777e-01, 3.950872272253036499e-02
6.420000195503234863e-01, 7.030250877141952515e-02, 3.886308073997497559e-01, 3.965790197253227234e-02
6.430000066757202148e-01, 7.054870575666427612e-02, 3.892846107482910156e-01, 3.980534896254539490e-02
6.440000534057617188e-01, 7.079415023326873779e-02, 3.899364173412322998e-01, 3.995236009359359741e-02
6.450000405311584473e-01, 7.103883475065231323e-02, 3.905862271785736084e-01, 4.009892791509628296e-02
6.460000276565551758e-01, 7.128295302391052246e-02, 3.912334740161895752e-01, 4.024595022201538086e-02
6.470000147819519043e-01, 7.152641564607620239e-02, 3.918783068656921387e-01, 4.039186611771583557e-02
6.480000019073486328e-01, 7.176892459392547607e-02, 3.925216794013977051e-01, 4.053640738129615784e-02
6.490000486373901367e-01, 7.201077044010162354e-02, 3.931626379489898682e-01, 4.067989066243171692e-02
6.500000357627868652e-01, 7.225191593170166016e-02, 3.938013911247253418e-01, 4.082322493195533752e-02
6.510000228881835938e-01, 7.249236851930618286e-02, 3.944382667541503906e-01, 4.096851870417594910e-02
6.520000100135803223e-01, 7.273203134536743164e-02, 3.950733840465545654e-01, 4.111306741833686829e-02
6.530000567436218262e-01, 7.297091931104660034e-02, 3.957064747810363770e-01, 4.125473648309707642e-02
6.540000438690185547e-01, 7.320908457040786743e-02, 3.963376283645629883e-01, 4.139597713947296143e-02
6.550000309944152832e-01, 7.344618439674377441e-02, 3.969669342041015625e-01, 4.153728112578392029e-02
6.560000181198120117e-01, 7.368277013301849365e-02, 3.975932896137237549e-01, 4.167992249131202698e-02
6.570000052452087402e-01, 7.391885668039321899e-02, 3.982180058956146240e-01, 4.182223230600357056e-02
6.580000519752502441e-01, 7.415385544300079346e-02, 3.988411426544189453e-01, 4.196375235915184021e-02
6.590000391006469727e-01, 7.438801229000091553e-02, 3.994626998901367188e-01, 4.210545495152473450e-02
6.600000262260437012e-01, 7.462251931428909302e-02, 4.000796377658843994e-01, 4.224458709359169006e-02
6.610000133514404297e-01, 7.485631108283996582e-02, 4.006946384906768799e-01, 4.238328710198402405e-02
6.620000600814819336e-01, 7.508830726146697998e-02, 4.013102948665618896e-01, 4.252138361334800720e-02
6.630000472068786621e-01, 7.531960308551788330e-02, 4.019240736961364746e-01, 4.265908151865005493e-02
6.640000343322753906e-01, 7.555033266544342041e-02, 4.025366902351379395e-01, 4.279720783233642578e-02
6.650000214576721191e-01, 7.578025013208389282e-02, 4.031469225883483887e-01, 4.293605685234069824e-02
6.660000085830688477e-01, 7.600945979356765747e-02, 4.037552475929260254e-01, 4.307449981570243835e-02
6.670000553131103516e-01, 7.623806595802307129e-02, 4.043621420860290527e-01, 4.321137070655822754e-02
6.680000424385070801e-01, 7.646583020687103271e-02, 4.049663543701171875e-01, 4.334700107574462891e-02
6.690000295639038086e-01, 7.669316232204437256e-02, 4.055679142475128174e-01, 4.348025843501091003e-02
6.700000166893005371e-01, 7.691990584135055542e-02, 4.061673283576965332e-01, 4.361589252948760986e-02
6.710000038146972656e-01, 7.714566588401794434e-02, 4.067656099796295166e-01, 4.375303909182548523e-02
6.720000505447387695e-01, 7.737074792385101318e-02, 4.073630869388580322e-01, 4.388774931430816650e-02
6.730000376701354980e-01, 7.759533822536468506e-02, 4.079582095146179199e-01, 4.402294754981994629e-02
6.740000247955322266e-01, 7.781924307346343994e-02, 4.085515141487121582e-01, 4.415774717926979065e-02
6.750000119209289551e-01, 7.804246246814727783e-02, 4.091427624225616455e-01, 4.428999498486518860e-02
6.760000586509704590e-01, 7.826427370309829712e-02, 4.097285568714141846e-01, 4.442367330193519592e-02
6.770000457763671875e-01, 7.848539948463439941e-02, 4.103127419948577881e-01, 4.455909132957458496e-02
6.780000329017639160e-01, 7.870654761791229248e-02, 4.108987450599670410e-01, 4.469219222664833069e-02
6.790000200271606445e-01, 7.892699539661407471e-02, 4.114826619625091553e-01, 4.482268542051315308e-02
6.800000071525573730e-01, 7.914674282073974609e-02, 4.120647013187408447e-01, 4.495274648070335388e-02
6.810000538825988770e-01, 7.936579734086990356e-02, 4.126452207565307617e-01, 4.508447274565696716e-02
6.820000410079956055e-01, 7.958418875932693481e-02, 4.132240116596221924e-01, 4.521580040454864502e-02
6.830000281333923340e-01, 7.980173081159591675e-02, 4.138016104698181152e-01, 4.534586146473884583e-02
6.840000152587890625e-01, 8.001882582902908325e-02, 4.143765866756439209e-01, 4.547419771552085876e-02
6.850000619888305664e-01, 8.023530244827270508e-02, 4.149496853351593018e-01, 4.560236260294914246e-02
6.860000491142272949e-01, 8.045113086700439453e-02, 4.155212342739105225e-01, 4.573253542184829712e-02
6.870000362396240234e-01, 8.066624402999877930e-02, 4.160911142826080322e-01, 4.586209356784820557e-02
6.880000233650207520e-01, 8.088045567274093628e-02, 4.166598618030548096e-01, 4.599016159772872925e-02
6.890000104904174805e-01, 8.109421283006668091e-02, 4.172259271144866943e-01, 4.611651971936225891e-02
6.900000572204589844e-01, 8.130729943513870239e-02, 4.177901744842529297e-01, 4.624249413609504700e-02
6.910000443458557129e-01, 8.151970058679580688e-02, 4.183530211448669434e-01, 4.637023806571960449e-02
6.920000314712524414e-01, 8.173145353794097900e-02, 4.189141988754272461e-01, 4.649757593870162964e-02
6.930000185966491699e-01, 8.194237202405929565e-02, 4.194742441177368164e-01, 4.662365093827247620e-02
6.940000057220458984e-01, 8.215287327766418457e-02, 4.200317263603210449e-01, 4.674800112843513489e-02
6.950000524520874023e-01, 8.236259222030639648e-02, 4.205868244171142578e-01, 4.687115922570228577e-02
6.960000395774841309e-01, 8.257167041301727295e-02, 4.211404025554656982e-01, 4.699628800153732300e-02
6.970000267028808594e-01, 8.278024196624755859e-02, 4.216929078102111816e-01, 4.712184146046638489e-02
6.980000138282775879e-01, 8.298793435096740723e-02, 4.222443103790283203e-01, 4.724597185850143433e-02
6.990000605583190918e-01, 8.319487422704696655e-02, 4.227934479713439941e-01, 4.737085476517677307e-02
7.000000476837158203e-01, 8.340220898389816284e-02, 4.233372211456298828e-01, 4.749443754553794861e-02
7.010000348091125488e-01, 8.360900729894638062e-02, 4.238798022270202637e-01, 4.761648550629615784e-02
7.020000219345092773e-01, 8.381413668394088745e-02, 4.244243800640106201e-01, 4.773905500769615173e-02
7.030000090599060059e-01, 8.401849865913391113e-02, 4.249664545059204102e-01, 4.786032810807228088e-02
7.040000557899475098e-01, 8.422224223613739014e-02, 4.255068302154541016e-01, 4.798126593232154846e-02
7.050000429153442383e-01, 8.442550897598266602e-02, 4.260463714599609375e-01, 4.810275882482528687e-02
7.060000300407409668e-01, 8.462814986705780029e-02, 4.265842437744140625e-01, 4.822387173771858215e-02
7.070000171661376953e-01, 8.483006805181503296e-02, 4.271199405193328857e-01, 4.834571480751037598e-02
7.080000042915344238e-01, 8.503136038780212402e-02, 4.276539087295532227e-01, 4.846719652414321899e-02
7.090000510215759277e-01, 8.523212373256683350e-02, 4.281866252422332764e-01, 4.858720675110816956e-02
7.100000381469726562e-01, 8.543226122856140137e-02, 4.287175834178924561e-01, 4.870683699846267700e-02
7.110000252723693848e-01, 8.563178032636642456e-02, 4.292469024658203125e-01, 4.882609471678733826e-02
7.120000123977661133e-01, 8.583087474107742310e-02, 4.297741949558258057e-01, 4.894582554697990417e-02
7.130000591278076172e-01, 8.602935820817947388e-02, 4.302999377250671387e-01, 4.906519502401351929e-02
7.140000462532043457e-01, 8.622648566961288452e-02, 4.308212697505950928e-01, 4.918425902724266052e-02
7.150000333786010742e-01, 8.642344921827316284e-02, 4.313392341136932373e-01, 4.930028691887855530e-02
7.160000205039978027e-01, 8.662027120590209961e-02, 4.318590164184570312e-01, 4.941483214497566223e-02
7.170000076293945312e-01, 8.681613206863403320e-02, 4.323785006999969482e-01, 4.953229427337646484e-02
7.180000543594360352e-01, 8.701174706220626831e-02, 4.328952729701995850e-01, 4.965105280280113220e-02
7.190000414848327637e-01, 8.720665425062179565e-02, 4.334106445312500000e-01, 4.976902157068252563e-02
7.200000286102294922e-01, 8.740067481994628906e-02, 4.339251518249511719e-01, 4.988535121083259583e-02
7.210000157356262207e-01, 8.759409189224243164e-02, 4.344380795955657959e-01, 5.000127851963043213e-02
7.220000624656677246e-01, 8.778692036867141724e-02, 4.349495470523834229e-01, 5.011679604649543762e-02
7.230000495910644531e-01, 8.797916024923324585e-02, 4.354595541954040527e-01, 5.023190751671791077e-02
7.240000367164611816e-01, 8.817099034786224365e-02, 4.359675347805023193e-01, 5.034746602177619934e-02
7.250000238418579102e-01, 8.836223185062408447e-02, 4.364740252494812012e-01, 5.046262964606285095e-02
7.260000109672546387e-01, 8.855269849300384521e-02, 4.369795322418212891e-01, 5.057653412222862244e-02
7.270000576972961426e-01, 8.874257653951644897e-02, 4.374834895133972168e-01, 5.069002881646156311e-02
7.280000448226928711e-01, 8.893209695816040039e-02, 4.379849731922149658e-01, 5.080177262425422668e-02
7.290000319480895996e-01, 8.912105858325958252e-02, 4.384847581386566162e-01, 5.091331526637077332e-02
7.300000190734863281e-01, 8.930941671133041382e-02, 4.389832317829132080e-01, 5.102684721350669861e-02
7.310000061988830566e-01, 8.949715644121170044e-02, 4.394803047180175781e-01, 5.113982781767845154e-02
7.320000529289245605e-01, 8.968410640954971313e-02, 4.399765431880950928e-01, 5.125143751502037048e-02
7.330000400543212891e-01, 8.987049013376235962e-02, 4.404712915420532227e-01, 5.136268585920333862e-02
7.340000271797180176e-01, 9.005630761384963989e-02, 4.409645497798919678e-01, 5.147359147667884827e-02
7.350000143051147461e-01, 9.024179726839065552e-02, 4.414553344249725342e-01, 5.158271640539169312e-02
7.360000610351562500e-01, 9.042672812938690186e-02, 4.419445693492889404e-01, 5.169158056378364563e-02
7.370000481605529785e-01, 9.061102569103240967e-02, 4.424327015876770020e-01, 5.180238932371139526e-02
7.380000352859497070e-01, 9.079394489526748657e-02, 4.429157972335815430e-01, 5.191484466195106506e-02
7.390000224113464355e-01, 9.097611159086227417e-02, 4.433978497982025146e-01, 5.202611535787582397e-02
7.400000095367431641e-01, 9.115874022245407104e-02, 4.438808560371398926e-01, 5.213356018066406250e-02
7.410000562667846680e-01, 9.134084731340408325e-02, 4.443622529506683350e-01, 5.224087089300155640e-02
7.420000433921813965e-01, 9.152239561080932617e-02, 4.448425471782684326e-01, 5.235034227371215820e-02
7.430000305175781250e-01, 9.170334786176681519e-02, 4.453215301036834717e-01, 5.245926603674888611e-02
7.440000176429748535e-01, 9.188351035118103027e-02, 4.457997381687164307e-01, 5.256674811244010925e-02
7.450000643730163574e-01, 9.206312149763107300e-02, 4.462764859199523926e-01, 5.267389118671417236e-02
7.460000514984130859e-01, 9.224218130111694336e-02, 4.467517435550689697e-01, 5.278071761131286621e-02
7.470000386238098145e-01, 9.242091327905654907e-02, 4.472246468067169189e-01, 5.288590490818023682e-02
7.480000257492065430e-01, 9.259908646345138550e-02, 4.476960599422454834e-01, 5.299077183008193970e-02
7.490000128746032715e-01, 9.277667105197906494e-02, 4.481662809848785400e-01, 5.309750884771347046e-02
7.500000596046447754e-01, 9.295370429754257202e-02, 4.486349821090698242e-01, 5.320391803979873657e-02
7.510000467300415039e-01, 9.312999993562698364e-02, 4.491027891635894775e-01, 5.330910906195640564e-02
7.520000338554382324e-01, 9.330575913190841675e-02, 4.495692253112792969e-01, 5.341396480798721313e-02
7.530000209808349609e-01, 9.348097443580627441e-02, 4.500342905521392822e-01, 5.351849645376205444e-02
7.540000081062316895e-01, 9.365564584732055664e-02, 4.504979550838470459e-01, 5.362270772457122803e-02
7.550000548362731934e-01, 9.383083134889602661e-02, 4.509568512439727783e-01, 5.372559279203414917e-02
7.560000419616699219e-01, 9.400548040866851807e-02, 4.514143168926239014e-01, 5.382816866040229797e-02
7.570000290870666504e-01, 9.417854249477386475e-02, 4.518736600875854492e-01, 5.393144115805625916e-02
7.580000162124633789e-01, 9.435106813907623291e-02, 4.523315131664276123e-01, 5.403439328074455261e-02
7.590000629425048828e-01, 9.452305734157562256e-02, 4.527878761291503906e-01, 5.413703620433807373e-02
7.600000500679016113e-01, 9.469451010227203369e-02, 4.532427489757537842e-01, 5.423937365412712097e-02
7.610000371932983398e-01, 9.486542642116546631e-02, 4.536962211132049561e-01, 5.434139817953109741e-02
7.620000243186950684e-01, 9.503581374883651733e-02, 4.541483819484710693e-01, 5.444310232996940613e-02
7.630000114440917969e-01, 9.520567953586578369e-02, 4.545992016792297363e-01, 5.454448610544204712e-02
7.640000581741333008e-01, 9.537502378225326538e-02, 4.550486505031585693e-01, 5.464555323123931885e-02
7.650000452995300293e-01, 9.554384648799896240e-02, 4.554967284202575684e-01, 5.474630743265151978e-02
7.660000324249267578e-01, 9.571214765310287476e-02, 4.559434354305267334e-01, 5.484674870967864990e-02
7.670000195503234863e-01, 9.587992727756500244e-02, 4.563887417316436768e-01, 5.494688078761100769e-02
7.680000066757202148e-01, 9.604718536138534546e-02, 4.568326175212860107e-01, 5.504670739173889160e-02
7.690000534057617188e-01, 9.621392190456390381e-02, 4.572750627994537354e-01, 5.514623224735260010e-02
7.700000405311584473e-01, 9.638013690710067749e-02, 4.577160477638244629e-01, 5.524545907974243164e-02
7.710000276565551758e-01, 9.654601663351058960e-02, 4.581551849842071533e-01, 5.534518137574195862e-02
7.720000147819519043e-01, 9.671138972043991089e-02, 4.585930705070495605e-01, 5.544457957148551941e-02
7.730000615119934082e-01, 9.687608480453491211e-02, 4.590301513671875000e-01, 5.554283037781715393e-02
7.740000486373901367e-01, 9.704028069972991943e-02, 4.594659507274627686e-01, 5.564074218273162842e-02
7.750000357627868652e-01, 9.720341861248016357e-02, 4.598969221115112305e-01, 5.573916062712669373e-02
7.760000228881835938e-01, 9.736653417348861694e-02, 4.603246748447418213e-01, 5.583442375063896179e-02
7.770000100135803223e-01, 9.752956777811050415e-02, 4.607546925544738770e-01, 5.592828243970870972e-02
7.780000567436218262e-01, 9.769166260957717896e-02, 4.611847996711730957e-01, 5.602518469095230103e-02
7.790000438690185547e-01, 9.785360842943191528e-02, 4.616125524044036865e-01, 5.612334236502647400e-02
7.800000309944152832e-01, 9.801500290632247925e-02, 4.620390534400939941e-01, 5.622094869613647461e-02
7.810000181198120117e-01, 9.817567467689514160e-02, 4.624648988246917725e-01, 5.631717294454574585e-02
7.820000648498535156e-01, 9.833603352308273315e-02, 4.628891050815582275e-01, 5.641382187604904175e-02
7.830000519752502441e-01, 9.849590063095092773e-02, 4.633121490478515625e-01, 5.651010945439338684e-02
7.840000391006469727e-01, 9.865509718656539917e-02, 4.637344777584075928e-01, 5.660521239042282104e-02
7.850000262260437012e-01, 9.881380200386047363e-02, 4.641555845737457275e-01, 5.669993907213211060e-02
7.860000133514404297e-01, 9.897201508283615112e-02, 4.645754694938659668e-01, 5.679430440068244934e-02
7.870000600814819336e-01, 9.912973642349243164e-02, 4.649941027164459229e-01, 5.688830837607383728e-02
7.880000472068786621e-01, 9.928714483976364136e-02, 4.654109776020050049e-01, 5.698275938630104065e-02
7.890000343322753906e-01, 9.944406151771545410e-02, 4.658265411853790283e-01, 5.707689374685287476e-02
7.900000214576721191e-01, 9.960031509399414062e-02, 4.662412405014038086e-01, 5.716989561915397644e-02
7.910000085830688477e-01, 9.975609183311462402e-02, 4.666546583175659180e-01, 5.726259574294090271e-02
7.920000553131103516e-01, 9.991139173507690430e-02, 4.670668542385101318e-01, 5.735506117343902588e-02
7.930000424385070801e-01, 1.000662147998809814e-01, 4.674777984619140625e-01, 5.744727328419685364e-02
7.940000295639038086e-01, 1.002207323908805847e-01, 4.678870439529418945e-01, 5.753998458385467529e-02
7.950000166893005371e-01, 1.003747731447219849e-01, 4.682950377464294434e-01, 5.763243511319160461e-02
7.960000634193420410e-01, 1.005281656980514526e-01, 4.687022268772125244e-01, 5.772383138537406921e-02
7.970000505447387695e-01, 1.006813347339630127e-01, 4.691072106361389160e-01, 5.781344324350357056e-02
7.980000376701354980e-01, 1.008340269327163696e-01, 4.695109128952026367e-01, 5.790276080369949341e-02
7.990000247955322266e-01, 1.009859964251518250e-01, 4.699142575263977051e-01, 5.799323320388793945e-02
8.000000119209289551e-01, 1.011374965310096741e-01, 4.703163206577301025e-01, 5.808336660265922546e-02
8.010000586509704590e-01, 1.012885272502899170e-01, 4.707171618938446045e-01, 5.817322060465812683e-02
8.020000457763671875e-01, 1.014392673969268799e-01, 4.711163640022277832e-01, 5.826358124613761902e-02
8.030000329017639160e-01, 1.015895456075668335e-01, 4.715143442153930664e-01, 5.835371464490890503e-02
8.040000200271606445e-01, 1.017391905188560486e-01, 4.719115495681762695e-01, 5.844285339117050171e-02
8.050000667572021484e-01, 1.018883734941482544e-01, 4.723075330257415771e-01, 5.853171274065971375e-02
8.060000538825988770e-01, 1.020370945334434509e-01, 4.727022945880889893e-01, 5.862030014395713806e-02
8.070000410079956055e-01, 1.021853536367416382e-01, 4.730958342552185059e-01, 5.870860069990158081e-02
8.080000281333923340e-01, 1.023331508040428162e-01, 4.734881222248077393e-01, 5.879660323262214661e-02
8.090000152587890625e-01, 1.024806648492813110e-01, 4.738787114620208740e-01, 5.888507142663002014e-02
8.100000619888305664e-01, 1.026278808712959290e-01, 4.742674827575683594e-01, 5.897226557135581970e-02
8.110000491142272949e-01, 1.027744710445404053e-01, 4.746555089950561523e-01, 5.905842408537864685e-02
8.120000362396240234e-01, 1.029204577207565308e-01, 4.750429391860961914e-01, 5.914531275629997253e-02
8.130000233650207520e-01, 1.030659973621368408e-01, 4.754291772842407227e-01, 5.923195555806159973e-02
8.140000104904174805e-01, 1.032104343175888062e-01, 4.758107066154479980e-01, 5.931956693530082703e-02
8.150000572204589844e-01, 1.033544242382049561e-01, 4.761910736560821533e-01, 5.940693244338035583e-02
8.160000443458557129e-01, 1.034986227750778198e-01, 4.765737950801849365e-01, 5.949281901121139526e-02
8.170000314712524414e-01, 1.036423742771148682e-01, 4.769553244113922119e-01, 5.957841873168945312e-02
8.180000185966491699e-01, 1.037858650088310242e-01, 4.773351848125457764e-01, 5.966451764106750488e-02
8.190000653266906738e-01, 1.039290577173233032e-01, 4.777133762836456299e-01, 5.974934250116348267e-02
8.200000524520874023e-01, 1.040716245770454407e-01, 4.780908226966857910e-01, 5.983308702707290649e-02
8.210000395774841309e-01, 1.042136028409004211e-01, 4.784675538539886475e-01, 5.991755053400993347e-02
8.220000267028808594e-01, 1.043551415205001831e-01, 4.788431525230407715e-01, 6.000178679823875427e-02
8.230000138282775879e-01, 1.044962480664253235e-01, 4.792176187038421631e-01, 6.008579209446907043e-02
8.240000605583190918e-01, 1.046369224786758423e-01, 4.795909523963928223e-01, 6.016955524682998657e-02
8.250000476837158203e-01, 1.047773361206054688e-01, 4.799627363681793213e-01, 6.025379523634910583e-02
8.260000348091125488e-01, 1.049174815416336060e-01, 4.803328812122344971e-01, 6.033667922019958496e-02
8.270000219345092773e-01, 1.050570234656333923e-01, 4.807022809982299805e-01, 6.041857227683067322e-02
8.280000686645507812e-01, 1.051959693431854248e-01, 4.810710251331329346e-01, 6.050127372145652771e-02
8.290000557899475098e-01, 1.053344830870628357e-01, 4.814386069774627686e-01, 6.058366969227790833e-02
8.300000429153442383e-01, 1.054725646972656250e-01, 4.818050265312194824e-01, 6.066576018929481506e-02
8.310000300407409668e-01, 1.056102141737937927e-01, 4.821703135967254639e-01, 6.074759736657142639e-02
8.320000171661376953e-01, 1.057474389672279358e-01, 4.825344979763031006e-01, 6.082922965288162231e-02
8.330000638961791992e-01, 1.058842465281486511e-01, 4.828975796699523926e-01, 6.091064214706420898e-02
8.340000510215759277e-01, 1.060208082199096680e-01, 4.832591712474822998e-01, 6.099253147840499878e-02
8.350000381469726562e-01, 1.061569452285766602e-01, 4.836196601390838623e-01, 6.107419356703758240e-02
8.360000252723693848e-01, 1.062927395105361938e-01, 4.839785397052764893e-01, 6.115335598587989807e-02
8.370000123977661133e-01, 1.064281165599822998e-01, 4.843362867832183838e-01, 6.123225018382072449e-02
8.380000591278076172e-01, 1.065628230571746826e-01, 4.846937954425811768e-01, 6.131241098046302795e-02
8.390000462532043457e-01, 1.066971123218536377e-01, 4.850502014160156250e-01, 6.139228120446205139e-02
8.400000333786010742e-01, 1.068309843540191650e-01, 4.854054450988769531e-01, 6.147186085581779480e-02
8.410000205039978027e-01, 1.069644391536712646e-01, 4.857595860958099365e-01, 6.155119463801383972e-02
8.420000672340393066e-01, 1.070976555347442627e-01, 4.861123263835906982e-01, 6.163101270794868469e-02
8.430000543594360352e-01, 1.072304621338844299e-01, 4.864639937877655029e-01, 6.171063333749771118e-02
8.440000414848327637e-01, 1.073626875877380371e-01, 4.868149459362030029e-01, 6.178934499621391296e-02
8.450000286102294922e-01, 1.074945107102394104e-01, 4.871648252010345459e-01, 6.186781078577041626e-02
8.460000157356262207e-01, 1.076259240508079529e-01, 4.875136315822601318e-01, 6.194603815674781799e-02
8.470000624656677246e-01, 1.077569276094436646e-01, 4.878613352775573730e-01, 6.202401220798492432e-02
8.480000495910644531e-01, 1.078875288367271423e-01, 4.882079362869262695e-01, 6.210172176361083984e-02
8.490000367164611816e-01, 1.080177277326583862e-01, 4.885534644126892090e-01, 6.217915564775466919e-02
8.500000238418579102e-01, 1.081475242972373962e-01, 4.888978898525238037e-01, 6.225630268454551697e-02
8.510000109672546387e-01, 1.082769185304641724e-01, 4.892412424087524414e-01, 6.233321502804756165e-02
8.520000576972961426e-01, 1.084059104323387146e-01, 4.895835518836975098e-01, 6.240993738174438477e-02
8.530000448226928711e-01, 1.085346788167953491e-01, 4.899244606494903564e-01, 6.248712912201881409e-02
8.540000319480895996e-01, 1.086632236838340759e-01, 4.902639389038085938e-01, 6.256286799907684326e-02
8.550000190734863281e-01, 1.087912023067474365e-01, 4.906027317047119141e-01, 6.263771653175354004e-02
8.560000658035278320e-01, 1.089186146855354309e-01, 4.909408688545227051e-01, 6.271356344223022461e-02
8.570000529289245605e-01, 1.090456321835517883e-01, 4.912779629230499268e-01, 6.278914958238601685e-02
8.580000400543212891e-01, 1.091722548007965088e-01, 4.916140139102935791e-01, 6.286447495222091675e-02
8.590000271797180176e-01, 1.092984825372695923e-01, 4.919489920139312744e-01, 6.293953210115432739e-02
8.600000143051147461e-01, 1.094243228435516357e-01, 4.922828972339630127e-01, 6.301431357860565186e-02
8.610000610351562500e-01, 1.095497757196426392e-01, 4.926157593727111816e-01, 6.308886408805847168e-02
8.620000481605529785e-01, 1.096750125288963318e-01, 4.929472804069519043e-01, 6.316389143466949463e-02
8.630000352859497070e-01, 1.097998619079589844e-01, 4.932778179645538330e-01, 6.323873996734619141e-02
8.640000224113464355e-01, 1.099241524934768677e-01, 4.936076998710632324e-01, 6.331271678209304810e-02
8.650000691413879395e-01, 1.100483238697052002e-01, 4.939356744289398193e-01, 6.338479369878768921e-02
8.660000562667846680e-01, 1.101721152663230896e-01, 4.942626357078552246e-01, 6.345665454864501953e-02
8.670000433921813965e-01, 1.102952584624290466e-01, 4.945894479751586914e-01, 6.352993845939636230e-02
8.680000305175781250e-01, 1.104180216789245605e-01, 4.949152171611785889e-01, 6.360296159982681274e-02
8.690000176429748535e-01, 1.105402410030364990e-01, 4.952390491962432861e-01, 6.367455422878265381e-02
8.700000643730163574e-01, 1.106620803475379944e-01, 4.955618381500244141e-01, 6.374588608741760254e-02
8.710000514984130859e-01, 1.107837110757827759e-01, 4.958845376968383789e-01, 6.381816416978836060e-02
8.720000386238098145e-01, 1.109049692749977112e-01, 4.962062835693359375e-01, 6.389026343822479248e-02
8.730000257492065430e-01, 1.110260263085365295e-01, 4.965267479419708252e-01, 6.396282464265823364e-02
8.740000128746032715e-01, 1.111467108130455017e-01, 4.968462288379669189e-01, 6.403519958257675171e-02
8.750000596046447754e-01, 1.112668514251708984e-01, 4.971650540828704834e-01, 6.410671770572662354e-02
8.760000467300415039e-01, 1.113866195082664490e-01, 4.974828958511352539e-01, 6.417799741029739380e-02
8.770000338554382324e-01, 1.115060150623321533e-01, 4.977997541427612305e-01, 6.424904614686965942e-02
8.780000209808349609e-01, 1.116250380873680115e-01, 4.981156289577484131e-01, 6.431985646486282349e-02
8.790000677108764648e-01, 1.117435917258262634e-01, 4.984301030635833740e-01, 6.439148634672164917e-02
8.800000548362731934e-01, 1.118617802858352661e-01, 4.987435638904571533e-01, 6.446286290884017944e-02
8.810000419616699219e-01, 1.119797006249427795e-01, 4.990564584732055664e-01, 6.453295052051544189e-02
8.820000290870666504e-01, 1.120972558856010437e-01, 4.993684291839599609e-01, 6.460285186767578125e-02
8.830000162124633789e-01, 1.122144535183906555e-01, 4.996794462203979492e-01, 6.467256695032119751e-02
8.840000629425048828e-01, 1.123314648866653442e-01, 4.999891817569732666e-01, 6.474272906780242920e-02
8.850000500679016113e-01, 1.124481111764907837e-01, 5.002979636192321777e-01, 6.481270492076873779e-02
8.860000371932983398e-01, 1.125642210245132446e-01, 5.006061196327209473e-01, 6.488182395696640015e-02
8.870000243186950684e-01, 1.126802414655685425e-01, 5.009124279022216797e-01, 6.494901329278945923e-02
8.880000710487365723e-01, 1.127959042787551880e-01, 5.012177824974060059e-01, 6.501597911119461060e-02
8.890000581741333008e-01, 1.129109412431716919e-01, 5.015230774879455566e-01, 6.508438289165496826e-02
8.900000452995300293e-01, 1.130256280303001404e-01, 5.018273591995239258e-01, 6.515251845121383667e-02
8.910000324249267578e-01, 1.131399646401405334e-01, 5.021306872367858887e-01, 6.522044539451599121e-02
8.920000195503234863e-01, 1.132539436221122742e-01, 5.024331212043762207e-01, 6.528820842504501343e-02
8.930000662803649902e-01, 1.133675724267959595e-01, 5.027346611022949219e-01, 6.535579264163970947e-02
8.940000534057617188e-01, 1.134808510541915894e-01, 5.030353069305419922e-01, 6.542319059371948242e-02
8.950000405311584473e-01, 1.135937795042991638e-01, 5.033349990844726562e-01, 6.549039483070373535e-02
8.960000276565551758e-01, 1.137065291404724121e-01, 5.036334395408630371e-01, 6.555803120136260986e-02
8.970000147819519043e-01, 1.138189285993576050e-01, 5.039309859275817871e-01, 6.562546640634536743e-02
8.980000615119934082e-01, 1.139308139681816101e-01, 5.042279362678527832e-01, 6.569202989339828491e-02
8.990000486373901367e-01, 1.140423491597175598e-01, 5.045239329338073730e-01, 6.575834006071090698e-02
9.000000357627868652e-01, 1.141535341739654541e-01, 5.048189759254455566e-01, 6.582440435886383057e-02
9.010000228881835938e-01, 1.142643764615058899e-01, 5.051130652427673340e-01, 6.589026749134063721e-02
9.020000696182250977e-01, 1.143748760223388672e-01, 5.054062604904174805e-01, 6.595596671104431152e-02
9.030000567436218262e-01, 1.144848614931106567e-01, 5.056977272033691406e-01, 6.602018326520919800e-02
9.040000438690185547e-01, 1.145945042371749878e-01, 5.059882998466491699e-01, 6.608426570892333984e-02
9.050000309944152832e-01, 1.147039830684661865e-01, 5.062788724899291992e-01, 6.614946573972702026e-02
9.060000181198120117e-01, 1.148131266236305237e-01, 5.065685510635375977e-01, 6.621441990137100220e-02
9.070000648498535156e-01, 1.149218305945396423e-01, 5.068569183349609375e-01, 6.628020107746124268e-02
9.080000519752502441e-01, 1.150301992893218994e-01, 5.071443915367126465e-01, 6.634576618671417236e-02
9.090000391006469727e-01, 1.151383370161056519e-01, 5.074313282966613770e-01, 6.641005724668502808e-02
9.100000262260437012e-01, 1.152461394667625427e-01, 5.077173113822937012e-01, 6.647410243749618530e-02
9.110000729560852051e-01, 1.153537780046463013e-01, 5.080021619796752930e-01, 6.653854995965957642e-02
9.120000600814819336e-01, 1.154610887169837952e-01, 5.082861781120300293e-01, 6.660284847021102905e-02
9.130000472068786621e-01, 1.155679002404212952e-01, 5.085695981979370117e-01, 6.666637957096099854e-02
9.140000343322753906e-01, 1.156743839383125305e-01, 5.088521838188171387e-01, 6.672972440719604492e-02
9.150000214576721191e-01, 1.157805398106575012e-01, 5.091338753700256348e-01, 6.679288297891616821e-02
9.160000681877136230e-01, 1.158863678574562073e-01, 5.094146728515625000e-01, 6.685584783554077148e-02
9.170000553131103516e-01, 1.159918680787086487e-01, 5.096946358680725098e-01, 6.691861152648925781e-02
9.180000424385070801e-01, 1.160970404744148254e-01, 5.099737048149108887e-01, 6.698115915060043335e-02
9.190000295639038086e-01, 1.162018850445747375e-01, 5.102518796920776367e-01, 6.704348325729370117e-02
9.200000166893005371e-01, 1.163066774606704712e-01, 5.105283260345458984e-01, 6.710384786128997803e-02
9.210000634193420410e-01, 1.164111495018005371e-01, 5.108038783073425293e-01, 6.716403365135192871e-02
9.220000505447387695e-01, 1.165150254964828491e-01, 5.110794305801391602e-01, 6.722579151391983032e-02
9.230000376701354980e-01, 1.166185811161994934e-01, 5.113541483879089355e-01, 6.728737801313400269e-02
9.240000247955322266e-01, 1.167220100760459900e-01, 5.116277337074279785e-01, 6.734946370124816895e-02
9.250000715255737305e-01, 1.168251186609268188e-01, 5.119004845619201660e-01, 6.741139292716979980e-02
9.260000586509704590e-01, 1.169277206063270569e-01, 5.121726989746093750e-01, 6.747247278690338135e-02
9.270000457763671875e-01, 1.170300096273422241e-01, 5.124440789222717285e-01, 6.753333657979965210e-02
9.280000329017639160e-01, 1.171319857239723206e-01, 5.127146244049072266e-01, 6.759399920701980591e-02
9.290000200271606445e-01, 1.172336488962173462e-01, 5.129842758178710938e-01, 6.765444576740264893e-02
9.300000667572021484e-01, 1.173349991440773010e-01, 5.132530331611633301e-01, 6.771466881036758423e-02
9.310000538825988770e-01, 1.174360364675521851e-01, 5.135209560394287109e-01, 6.777472048997879028e-02
9.320000410079956055e-01, 1.175367608666419983e-01, 5.137881040573120117e-01, 6.783463805913925171e-02
9.330000281333923340e-01, 1.176371723413467407e-01, 5.140544772148132324e-01, 6.789439916610717773e-02
9.340000152587890625e-01, 1.177372708916664124e-01, 5.143200159072875977e-01, 6.795398890972137451e-02
9.350000619888305664e-01, 1.178370565176010132e-01, 5.145847797393798828e-01, 6.801339238882064819e-02
9.360000491142272949e-01, 1.179365292191505432e-01, 5.148487687110900879e-01, 6.807260215282440186e-02
9.370000362396240234e-01, 1.180356964468955994e-01, 5.151119232177734375e-01, 6.813161820173263550e-02
9.380000233650207520e-01, 1.181345582008361816e-01, 5.153742432594299316e-01, 6.819042563438415527e-02
9.390000700950622559e-01, 1.182331144809722900e-01, 5.156357288360595703e-01, 6.824900954961776733e-02
9.400000572204589844e-01, 1.183315366506576538e-01, 5.158960819244384766e-01, 6.830798834562301636e-02
9.410000443458557129e-01, 1.184296533465385437e-01, 5.161556601524353027e-01, 6.836680322885513306e-02
9.420000314712524414e-01, 1.185272932052612305e-01, 5.164147615432739258e-01, 6.842485815286636353e-02
9.430000185966491699e-01, 1.186246275901794434e-01, 5.166730284690856934e-01, 6.848274916410446167e-02
9.440000653266906738e-01, 1.187219545245170593e-01, 5.169295668601989746e-01, 6.853866577148437500e-02
9.450000524520874023e-01, 1.188189759850502014e-01, 5.171853303909301758e-01, 6.859441101551055908e-02
9.460000395774841309e-01, 1.189153045415878296e-01, 5.174407958984375000e-01, 6.865292042493820190e-02
9.470000267028808594e-01, 1.190113425254821777e-01, 5.176954865455627441e-01, 6.871125102043151855e-02
9.480000734329223633e-01, 1.191071867942810059e-01, 5.179498195648193359e-01, 6.876825541257858276e-02
9.490000605583190918e-01, 1.192027404904365540e-01, 5.182033181190490723e-01, 6.882504373788833618e-02
9.500000476837158203e-01, 1.192980036139488220e-01, 5.184559822082519531e-01, 6.888161599636077881e-02
9.510000348091125488e-01, 1.193929687142372131e-01, 5.187078714370727539e-01, 6.893800944089889526e-02
9.520000219345092773e-01, 1.194876357913017273e-01, 5.189590454101562500e-01, 6.899426877498626709e-02
9.530000686645507812e-01, 1.195820122957229614e-01, 5.192094445228576660e-01, 6.905038654804229736e-02
9.540000557899475098e-01, 1.196759119629859924e-01, 5.194581747055053711e-01, 6.910495460033416748e-02
9.550000429153442383e-01, 1.197697743773460388e-01, 5.197058916091918945e-01, 6.916010379791259766e-02
9.560000300407409668e-01, 1.198635324835777283e-01, 5.199537277221679688e-01, 6.921649724245071411e-02
9.570000171661376953e-01, 1.199567466974258423e-01, 5.202010869979858398e-01, 6.927195936441421509e-02
9.580000638961791992e-01, 1.200496703386306763e-01, 5.204476714134216309e-01, 6.932721287012100220e-02
9.590000510215759277e-01, 1.201423034071922302e-01, 5.206934809684753418e-01, 6.938227266073226929e-02
9.600000381469726562e-01, 1.202346533536911011e-01, 5.209385156631469727e-01, 6.943712383508682251e-02
9.610000252723693848e-01, 1.203267201781272888e-01, 5.211827754974365234e-01, 6.949181109666824341e-02
9.620000720024108887e-01, 1.204185038805007935e-01, 5.214263200759887695e-01, 6.954637169837951660e-02
9.630000591278076172e-01, 1.205100044608116150e-01, 5.216691493988037109e-01, 6.960079073905944824e-02
9.640000462532043457e-01, 1.206012219190597534e-01, 5.219112038612365723e-01, 6.965506076812744141e-02
9.650000333786010742e-01, 1.206921562552452087e-01, 5.221524834632873535e-01, 6.970917433500289917e-02
9.660000205039978027e-01, 1.207828074693679810e-01, 5.223930478096008301e-01, 6.976312398910522461e-02
9.670000672340393066e-01, 1.208731755614280701e-01, 5.226328969001770020e-01, 6.981690227985382080e-02
9.680000543594360352e-01, 1.209632605314254761e-01, 5.228719711303710938e-01, 6.987049430608749390e-02
9.690000414848327637e-01, 1.210530698299407959e-01, 5.231102705001831055e-01, 6.992389261722564697e-02
9.700000286102294922e-01, 1.211426034569740295e-01, 5.233477950096130371e-01, 6.997708976268768311e-02
9.710000753402709961e-01, 1.212318614125251770e-01, 5.235846042633056641e-01, 7.003012299537658691e-02
9.720000624656677246e-01, 1.213208436965942383e-01, 5.238207578659057617e-01, 7.008302956819534302e-02
9.730000495910644531e-01, 1.214095503091812134e-01, 5.240561962127685547e-01, 7.013580203056335449e-02
9.740000367164611816e-01, 1.214979812502861023e-01, 5.242909193038940430e-01, 7.018843293190002441e-02
9.750000238418579102e-01, 1.215861365199089050e-01, 5.245249271392822266e-01, 7.024090737104415894e-02
9.760000705718994141e-01, 1.216742992401123047e-01, 5.247573852539062500e-01, 7.029135525226593018e-02
9.770000576972961426e-01, 1.217621937394142151e-01, 5.249890685081481934e-01, 7.034163922071456909e-02
9.780000448226928711e-01, 1.218497082591056824e-01, 5.252205729484558105e-01, 7.039418071508407593e-02
9.790000319480895996e-01, 1.219369471073150635e-01, 5.254513621330261230e-01, 7.044653594493865967e-02
9.800000190734863281e-01, 1.220237538218498230e-01, 5.256816744804382324e-01, 7.049810886383056641e-02
9.810000658035278320e-01, 1.221102923154830933e-01, 5.259112715721130371e-01, 7.054951041936874390e-02
9.820000529289245605e-01, 1.221965551376342773e-01, 5.261401534080505371e-01, 7.060080021619796753e-02
9.830000400543212891e-01, 1.222825497388839722e-01, 5.263683795928955078e-01, 7.065196335315704346e-02
9.840000271797180176e-01, 1.223682835698127747e-01, 5.265959501266479492e-01, 7.070299237966537476e-02
9.850000739097595215e-01, 1.224537566304206848e-01, 5.268228054046630859e-01, 7.075387239456176758e-02
9.860000610351562500e-01, 1.225389614701271057e-01, 5.270489454269409180e-01, 7.080459594726562500e-02
9.870000481605529785e-01, 1.226238980889320374e-01, 5.272743701934814453e-01, 7.085515558719635010e-02
9.880000352859497070e-01, 1.227085739374160767e-01, 5.274990797042846680e-01, 7.090553641319274902e-02
9.890000224113464355e-01, 1.227929890155792236e-01, 5.277230739593505859e-01, 7.095573842525482178e-02
9.900000691413879395e-01, 1.228771433234214783e-01, 5.279463529586791992e-01, 7.100575417280197144e-02
9.910000562667846680e-01, 1.229610443115234375e-01, 5.281689167022705078e-01, 7.105561345815658569e-02
9.920000433921813965e-01, 1.230446845293045044e-01, 5.283908247947692871e-01, 7.110535353422164917e-02
9.930000305175781250e-01, 1.231280639767646790e-01, 5.286120772361755371e-01, 7.115496695041656494e-02
9.940000176429748535e-01, 1.232111826539039612e-01, 5.288326740264892578e-01, 7.120444625616073608e-02
9.950000643730163574e-01, 1.232940405607223511e-01, 5.290526151657104492e-01, 7.125378400087356567e-02
9.960000514984130859e-01, 1.233768090605735779e-01, 5.292716622352600098e-01, 7.130350917577743530e-02
9.970000386238098145e-01, 1.234593242406845093e-01, 5.294900536537170410e-01, 7.135308533906936646e-02
9.980000257492065430e-01, 1.235414221882820129e-01, 5.297079682350158691e-01, 7.140194624662399292e-02
9.990000724792480469e-01, 1.236232668161392212e-01, 5.299251675605773926e-01, 7.145061343908309937e-02
1.000000000000000000e+00, 1.237048581242561340e-01, 5.301416516304016113e-01, 7.149910181760787964e-02
1.001000046730041504e+00, 1.237861961126327515e-01, 5.303574800491333008e-01, 7.154744118452072144e-02
1.002000093460083008e+00, 1.238672807812690735e-01, 5.305726528167724609e-01, 7.159566879272460938e-02
1.003000020980834961e+00, 1.239481121301651001e-01, 5.307871699333190918e-01, 7.164377719163894653e-02
1.004000067710876465e+00, 1.240286976099014282e-01, 5.310010313987731934e-01, 7.169175148010253906e-02
1.004999995231628418e+00, 1.241090372204780579e-01, 5.312142372131347656e-01, 7.173958420753479004e-02
1.006000041961669922e+00, 1.241891235113143921e-01, 5.314267873764038086e-01, 7.178726792335510254e-02
1.007000088691711426e+00, 1.242689639329910278e-01, 5.316386818885803223e-01, 7.183479517698287964e-02
1.008000016212463379e+00, 1.243485584855079651e-01, 5.318499207496643066e-01, 7.188215851783752441e-02
1.009000062942504883e+00, 1.244279071688652039e-01, 5.320604443550109863e-01, 7.192935049533843994e-02
1.009999990463256836e+00, 1.245070174336433411e-01, 5.322703123092651367e-01, 7.197636365890502930e-02
1.011000037193298340e+00, 1.245858818292617798e-01, 5.324795246124267578e-01, 7.202323526144027710e-02
1.012000083923339844e+00, 1.246645003557205200e-01, 5.326880812644958496e-01, 7.206999510526657104e-02
1.013000011444091797e+00, 1.247428730130195618e-01, 5.328960418701171875e-01, 7.211663573980331421e-02
1.014000058174133301e+00, 1.248211637139320374e-01, 5.331032276153564453e-01, 7.216367125511169434e-02
1.015000104904174805e+00, 1.248992159962654114e-01, 5.333097577095031738e-01, 7.221058011054992676e-02
1.016000032424926758e+00, 1.249768659472465515e-01, 5.335158109664916992e-01, 7.225681841373443604e-02
1.017000079154968262e+00, 1.250541657209396362e-01, 5.337209701538085938e-01, 7.230386883020401001e-02
1.018000006675720215e+00, 1.251312196254730225e-01, 5.339254736900329590e-01, 7.235077768564224243e-02
1.019000053405761719e+00, 1.252081394195556641e-01, 5.341296195983886719e-01, 7.239654660224914551e-02
1.020000100135803223e+00, 1.252848356962203979e-01, 5.343331098556518555e-01, 7.244212925434112549e-02
1.021000027656555176e+00, 1.253610998392105103e-01, 5.345351099967956543e-01, 7.248604297637939453e-02
1.022000074386596680e+00, 1.254371255636215210e-01, 5.347365140914916992e-01, 7.252985984086990356e-02
1.023000001907348633e+00, 1.255131214857101440e-01, 5.349381566047668457e-01, 7.257508486509323120e-02
1.024000048637390137e+00, 1.255888789892196655e-01, 5.351392030715942383e-01, 7.262017577886581421e-02
1.025000095367431641e+00, 1.256643980741500854e-01, 5.353396534919738770e-01, 7.266514003276824951e-02
1.026000022888183594e+00, 1.257396787405014038e-01, 5.355394482612609863e-01, 7.270996272563934326e-02
1.027000069618225098e+00, 1.258147209882736206e-01, 5.357385873794555664e-01, 7.275463640689849854e-02
1.027999997138977051e+00, 1.258895397186279297e-01, 5.359371304512023926e-01, 7.279915362596511841e-02
1.029000043869018555e+00, 1.259641349315643311e-01, 5.361350774765014648e-01, 7.284350693225860596e-02
1.030000090599060059e+00, 1.260384917259216309e-01, 5.363323688507080078e-01, 7.288768887519836426e-02
1.031000018119812012e+00, 1.261126101016998291e-01, 5.365290045738220215e-01, 7.293173670768737793e-02
1.032000064849853516e+00, 1.261865049600601196e-01, 5.367250442504882812e-01, 7.297568768262863159e-02
1.032999992370605469e+00, 1.262601763010025024e-01, 5.369204878807067871e-01, 7.301952689886093140e-02
1.034000039100646973e+00, 1.263336092233657837e-01, 5.371153354644775391e-01, 7.306324690580368042e-02
1.035000085830688477e+00, 1.264068186283111572e-01, 5.373095870018005371e-01, 7.310684025287628174e-02
1.036000013351440430e+00, 1.264798045158386230e-01, 5.375032424926757812e-01, 7.315029948949813843e-02
1.037000060081481934e+00, 1.265525668859481812e-01, 5.376963019371032715e-01, 7.319361716508865356e-02
1.038000106811523438e+00, 1.266251057386398315e-01, 5.378887653350830078e-01, 7.323678582906723022e-02
1.039000034332275391e+00, 1.266975849866867065e-01, 5.380804538726806641e-01, 7.328031957149505615e-02
1.040000081062316895e+00, 1.267698407173156738e-01, 5.382715463638305664e-01, 7.332370430231094360e-02
1.041000008583068848e+00, 1.268419921398162842e-01, 5.384615063667297363e-01, 7.336447387933731079e-02
1.042000055313110352e+00, 1.269139200448989868e-01, 5.386508703231811523e-01, 7.340513914823532104e-02
1.043000102043151855e+00, 1.269853413105010986e-01, 5.388404130935668945e-01, 7.344765961170196533e-02
1.044000029563903809e+00, 1.270565390586853027e-01, 5.390294194221496582e-01, 7.349005341529846191e-02
1.045000076293945312e+00, 1.271275132894515991e-01, 5.392178297042846680e-01, 7.353232800960540771e-02
1.046000003814697266e+00, 1.271982789039611816e-01, 5.394056439399719238e-01, 7.357447594404220581e-02
1.047000050544738770e+00, 1.272688210010528564e-01, 5.395928621292114258e-01, 7.361648231744766235e-02
1.048000097274780273e+00, 1.273391395807266235e-01, 5.397794842720031738e-01, 7.365833967924118042e-02
1.049000024795532227e+00, 1.274092495441436768e-01, 5.399655103683471680e-01, 7.370004802942276001e-02
1.050000071525573730e+00, 1.274791508913040161e-01, 5.401509404182434082e-01, 7.374159991741180420e-02
1.050999999046325684e+00, 1.275488287210464478e-01, 5.403357744216918945e-01, 7.378302514553070068e-02
1.052000045776367188e+00, 1.276182830333709717e-01, 5.405200719833374023e-01, 7.382435351610183716e-02
1.053000092506408691e+00, 1.276875287294387817e-01, 5.407038331031799316e-01, 7.386557757854461670e-02
1.054000020027160645e+00, 1.277565658092498779e-01, 5.408869981765747070e-01, 7.390668988227844238e-02
1.055000066757202148e+00, 1.278253793716430664e-01, 5.410696268081665039e-01, 7.394768297672271729e-02
1.055999994277954102e+00, 1.278939694166183472e-01, 5.412517189979553223e-01, 7.398855686187744141e-02
1.057000041007995605e+00, 1.279623508453369141e-01, 5.414332151412963867e-01, 7.402929663658142090e-02
1.058000087738037109e+00, 1.280305236577987671e-01, 5.416141152381896973e-01, 7.406989485025405884e-02
1.059000015258789062e+00, 1.280984878540039062e-01, 5.417944788932800293e-01, 7.411035150289535522e-02
1.060000061988830566e+00, 1.281662434339523315e-01, 5.419743061065673828e-01, 7.415065169334411621e-02
1.061000108718872070e+00, 1.282337903976440430e-01, 5.421535372734069824e-01, 7.419082522392272949e-02
1.062000036239624023e+00, 1.283011287450790405e-01, 5.423322319984436035e-01, 7.423090189695358276e-02
1.063000082969665527e+00, 1.283684223890304565e-01, 5.425102710723876953e-01, 7.427135854959487915e-02
1.064000010490417480e+00, 1.284355074167251587e-01, 5.426877737045288086e-01, 7.431172579526901245e-02
1.065000057220458984e+00, 1.285022199153900146e-01, 5.428648591041564941e-01, 7.435148954391479492e-02
1.066000103950500488e+00, 1.285687237977981567e-01, 5.430414080619812012e-01, 7.439111173152923584e-02
1.067000031471252441e+00, 1.286350190639495850e-01, 5.432174205780029297e-01, 7.443060725927352905e-02
1.068000078201293945e+00, 1.287011206150054932e-01, 5.433928370475769043e-01, 7.446996867656707764e-02
1.069000005722045898e+00, 1.287670284509658813e-01, 5.435677170753479004e-01, 7.450918853282928467e-02
1.070000052452087402e+00, 1.288327276706695557e-01, 5.437420606613159180e-01, 7.454825937747955322e-02
1.071000099182128906e+00, 1.288982182741165161e-01, 5.439158678054809570e-01, 7.458721101284027100e-02
1.072000026702880859e+00, 1.289635002613067627e-01, 5.440891385078430176e-01, 7.462607324123382568e-02
1.073000073432922363e+00, 1.290285736322402954e-01, 5.442618727684020996e-01, 7.466483861207962036e-02
1.074000000953674316e+00, 1.290934532880783081e-01, 5.444340705871582031e-01, 7.470349967479705811e-02
1.075000047683715820e+00, 1.291581392288208008e-01, 5.446057319641113281e-01, 7.474204897880554199e-02
1.076000094413757324e+00, 1.292226165533065796e-01, 5.447768568992614746e-01, 7.478047907352447510e-02
1.077000021934509277e+00, 1.292869001626968384e-01, 5.449474453926086426e-01, 7.481878250837326050e-02
1.078000068664550781e+00, 1.293509900569915771e-01, 5.451174974441528320e-01, 7.485695183277130127e-02
1.078999996185302734e+00, 1.294148713350296021e-01, 5.452870130538940430e-01, 7.489497959613800049e-02
1.080000042915344238e+00, 1.294785588979721069e-01, 5.454559922218322754e-01, 7.493285834789276123e-02
1.081000089645385742e+00, 1.295420527458190918e-01, 5.456244349479675293e-01, 7.497062534093856812e-02
1.082000017166137695e+00, 1.296053528785705566e-01, 5.457924008369445801e-01, 7.500831037759780884e-02
1.083000063896179199e+00, 1.296684592962265015e-01, 5.459598898887634277e-01, 7.504589855670928955e-02
1.084000110626220703e+00, 1.297313570976257324e-01, 5.461268424987792969e-01, 7.508338242769241333e-02
1.085000038146972656e+00, 1.297940611839294434e-01, 5.462932586669921875e-01, 7.512075453996658325e-02
1.086000084877014160e+00, 1.298565715551376343e-01, 5.464591979980468750e-01, 7.515801489353179932e-02
1.087000012397766113e+00, 1.299188882112503052e-01, 5.466246008872985840e-01, 7.519515603780746460e-02
1.088000059127807617e+00, 1.299810260534286499e-01, 5.467894673347473145e-01, 7.523216307163238525e-02
1.089000105857849121e+00, 1.300429701805114746e-01, 5.469538569450378418e-01, 7.526903599500656128e-02
1.090000033378601074e+00, 1.301047205924987793e-01, 5.471177101135253906e-01, 7.530576735734939575e-02
1.091000080108642578e+00, 1.301662772893905640e-01, 5.472810268402099609e-01, 7.534238696098327637e-02
1.092000007629394531e+00, 1.302276402711868286e-01, 5.474438667297363281e-01, 7.537892460823059082e-02
1.093000054359436035e+00, 1.302888244390487671e-01, 5.476062297821044922e-01, 7.541537284851074219e-02
1.094000101089477539e+00, 1.303498148918151855e-01, 5.477681159973144531e-01, 7.545172423124313354e-02
1.095000028610229492e+00, 1.304106116294860840e-01, 5.479295253753662109e-01, 7.548796385526657104e-02
1.096000075340270996e+00, 1.304712295532226562e-01, 5.480903983116149902e-01, 7.552409172058105469e-02
1.097000002861022949e+00, 1.305316537618637085e-01, 5.482507348060607910e-01, 7.556010782718658447e-02
1.098000049591064453e+00, 1.305918842554092407e-01, 5.484105944633483887e-01, 7.559599727392196655e-02
1.099000096321105957e+00, 1.306519359350204468e-01, 5.485699772834777832e-01, 7.563175261020660400e-02
1.100000023841857910e+00, 1.307119727134704590e-01, 5.487287044525146484e-01, 7.566785067319869995e-02
1.101000070571899414e+00, 1.307718157768249512e-01, 5.488869547843933105e-01, 7.570385187864303589e-02
1.101999998092651367e+00, 1.308313012123107910e-01, 5.490448474884033203e-01, 7.573928683996200562e-02
1.103000044822692871e+00, 1.308906078338623047e-01, 5.492022037506103516e-01, 7.577462494373321533e-02
1.104000091552734375e+00, 1.309497356414794922e-01, 5.493590831756591797e-01, 7.580987364053726196e-02
1.105000019073486328e+00, 1.310086846351623535e-01, 5.495154857635498047e-01, 7.584501802921295166e-02
1.106000065803527832e+00, 1.310674548149108887e-01, 5.496714115142822266e-01, 7.588005065917968750e-02
1.106999993324279785e+00, 1.311260461807250977e-01, 5.498268604278564453e-01, 7.591496407985687256e-02
1.108000040054321289e+00, 1.311844587326049805e-01, 5.499818325042724609e-01, 7.594975829124450684e-02
1.109000086784362793e+00, 1.312426924705505371e-01, 5.501363277435302734e-01, 7.598442584276199341e-02
1.110000014305114746e+00, 1.313007473945617676e-01, 5.502903461456298828e-01, 7.601895928382873535e-02
1.111000061035156250e+00, 1.313586235046386719e-01, 5.504438877105712891e-01, 7.605338096618652344e-02
1.112000107765197754e+00, 1.314161121845245361e-01, 5.505961179733276367e-01, 7.608608901500701904e-02
1.113000035285949707e+00, 1.314734220504760742e-01, 5.507478713989257812e-01, 7.611870765686035156e-02
1.114000082015991211e+00, 1.315307617187500000e-01, 5.508999824523925781e-01, 7.615286111831665039e-02
1.115000009536743164e+00, 1.315879225730895996e-01, 5.510516166687011719e-01, 7.618692517280578613e-02
1.116000056266784668e+00, 1.316449046134948730e-01, 5.512028336524963379e-01, 7.622089236974716187e-02
1.117000102996826172e+00, 1.317017078399658203e-01, 5.513536334037780762e-01, 7.625474780797958374e-02
1.118000030517578125e+00, 1.317583322525024414e-01, 5.515039563179016113e-01, 7.628848403692245483e-02
1.119000077247619629e+00, 1.318147778511047363e-01, 5.516538023948669434e-01, 7.632209360599517822e-02
1.120000004768371582e+00, 1.318710446357727051e-01, 5.518031120300292969e-01, 7.635557651519775391e-02
1.121000051498413086e+00, 1.319271326065063477e-01, 5.519519448280334473e-01, 7.638896256685256958e-02
1.122000098228454590e+00, 1.319830417633056641e-01, 5.521003603935241699e-01, 7.642227411270141602e-02
1.123000025749206543e+00, 1.320387870073318481e-01, 5.522482991218566895e-01, 7.645550370216369629e-02
1.124000072479248047e+00, 1.320943683385848999e-01, 5.523958206176757812e-01, 7.648864388465881348e-02
1.125000000000000000e+00, 1.321497708559036255e-01, 5.525429248809814453e-01, 7.652168720960617065e-02
1.126000046730041504e+00, 1.322049945592880249e-01, 5.526895523071289062e-01, 7.655462622642517090e-02
1.127000093460083008e+00, 1.322600543498992920e-01, 5.528357028961181641e-01, 7.658746093511581421e-02
1.128000020980834961e+00, 1.323149502277374268e-01, 5.529813766479492188e-01, 7.662018388509750366e-02
1.129000067710876465e+00, 1.323696672916412354e-01, 5.531265735626220703e-01, 7.665278762578964233e-02
1.129999995231628418e+00, 1.324242204427719116e-01, 5.532712936401367188e-01, 7.668526470661163330e-02
1.131000041961669922e+00, 1.324786096811294556e-01, 5.534155964851379395e-01, 7.671764492988586426e-02
1.132000088691711426e+00, 1.325328201055526733e-01, 5.535594820976257324e-01, 7.674995064735412598e-02
1.133000016212463379e+00, 1.325868666172027588e-01, 5.537029504776000977e-01, 7.678217440843582153e-02
1.134000062942504883e+00, 1.326407492160797119e-01, 5.538460016250610352e-01, 7.681431621313095093e-02
1.135000109672546387e+00, 1.326946169137954712e-01, 5.539885163307189941e-01, 7.684680819511413574e-02
1.136000037193298340e+00, 1.327483206987380981e-01, 5.541306138038635254e-01, 7.687921822071075439e-02
1.137000083923339844e+00, 1.328016966581344604e-01, 5.542723536491394043e-01, 7.691107690334320068e-02
1.138000011444091797e+00, 1.328549087047576904e-01, 5.544136166572570801e-01, 7.694280892610549927e-02
1.139000058174133301e+00, 1.329079568386077881e-01, 5.545544028282165527e-01, 7.697442919015884399e-02
1.140000104904174805e+00, 1.329608410596847534e-01, 5.546947121620178223e-01, 7.700592279434204102e-02
1.141000032424926758e+00, 1.330135613679885864e-01, 5.548346042633056641e-01, 7.703731954097747803e-02
1.142000079154968262e+00, 1.330661177635192871e-01, 5.549741387367248535e-01, 7.706864923238754272e-02
1.143000006675720215e+00, 1.331185102462768555e-01, 5.551132559776306152e-01, 7.709989696741104126e-02
1.144000053405761719e+00, 1.331707388162612915e-01, 5.552518963813781738e-01, 7.713106274604797363e-02
1.145000100135803223e+00, 1.332228183746337891e-01, 5.553901195526123047e-01, 7.716213911771774292e-02
1.146000027656555176e+00, 1.332747340202331543e-01, 5.555279254913330078e-01, 7.719311863183975220e-02
1.147000074386596680e+00, 1.333264857530593872e-01, 5.556653141975402832e-01, 7.722400128841400146e-02
1.148000001907348633e+00, 1.333780884742736816e-01, 5.558022856712341309e-01, 7.725477218627929688e-02
1.149000048637390137e+00, 1.334295272827148438e-01, 5.559387803077697754e-01, 7.728542387485504150e-02
1.150000095367431641e+00, 1.334808021783828735e-01, 5.560748577117919922e-01, 7.731595635414123535e-02
1.151000022888183594e+00, 1.335319280624389648e-01, 5.562105178833007812e-01, 7.734639942646026611e-02
1.152000069618225098e+00, 1.335828900337219238e-01, 5.563457608222961426e-01, 7.737677544355392456e-02
1.152999997138977051e+00, 1.336336880922317505e-01, 5.564806461334228516e-01, 7.740707695484161377e-02
1.154000043869018555e+00, 1.336843371391296387e-01, 5.566151142120361328e-01, 7.743729650974273682e-02
1.155000090599060059e+00, 1.337348222732543945e-01, 5.567491650581359863e-01, 7.746742665767669678e-02
1.156000018119812012e+00, 1.337851434946060181e-01, 5.568827986717224121e-01, 7.749746739864349365e-02
1.157000064849853516e+00, 1.338353157043457031e-01, 5.570160150527954102e-01, 7.752741128206253052e-02
1.158000111579895020e+00, 1.338853389024734497e-01, 5.571488142013549805e-01, 7.755725085735321045e-02
1.159000039100646973e+00, 1.339352130889892578e-01, 5.572811961174011230e-01, 7.758697867393493652e-02
1.160000085830688477e+00, 1.339849382638931274e-01, 5.574131608009338379e-01, 7.761658728122711182e-02
1.161000013351440430e+00, 1.340346634387969971e-01, 5.575445890426635742e-01, 7.764656096696853638e-02
1.162000060081481934e+00, 1.340842247009277344e-01, 5.576756000518798828e-01, 7.767648249864578247e-02
1.163000106811523438e+00, 1.341334730386734009e-01, 5.578063130378723145e-01, 7.770586758852005005e-02
1.164000034332275391e+00, 1.341825723648071289e-01, 5.579366683959960938e-01, 7.773516327142715454e-02
1.165000081062316895e+00, 1.342315226793289185e-01, 5.580666065216064453e-01, 7.776438444852828979e-02
1.166000008583068848e+00, 1.342803239822387695e-01, 5.581961274147033691e-01, 7.779351621866226196e-02
1.167000055313110352e+00, 1.343289762735366821e-01, 5.583252906799316406e-01, 7.782255113124847412e-02
1.168000102043151855e+00, 1.343774795532226562e-01, 5.584540367126464844e-01, 7.785148173570632935e-02
1.169000029563903809e+00, 1.344258338212966919e-01, 5.585823655128479004e-01, 7.788030803203582764e-02
1.170000076293945312e+00, 1.344740390777587891e-01, 5.587102770805358887e-01, 7.790902256965637207e-02
1.171000003814697266e+00, 1.345220953226089478e-01, 5.588377714157104492e-01, 7.793764770030975342e-02
1.172000050544738770e+00, 1.345700025558471680e-01, 5.589649081230163574e-01, 7.796620577573776245e-02
1.173000097274780273e+00, 1.346177607774734497e-01, 5.590916872024536133e-01, 7.799468934535980225e-02
1.174000024795532227e+00, 1.346653699874877930e-01, 5.592180490493774414e-01, 7.802309840917587280e-02
1.175000071525573730e+00, 1.347128301858901978e-01, 5.593439936637878418e-01, 7.805142551660537720e-02
1.175999999046325684e+00, 1.347601413726806641e-01, 5.594695806503295898e-01, 7.807966321706771851e-02
1.177000045776367188e+00, 1.348073035478591919e-01, 5.595948100090026855e-01, 7.810781151056289673e-02
1.178000092506408691e+00, 1.348543167114257812e-01, 5.597196221351623535e-01, 7.813586294651031494e-02
1.179000020027160645e+00, 1.349011808633804321e-01, 5.598440170288085938e-01, 7.816381007432937622e-02
1.180000066757202148e+00, 1.349479109048843384e-01, 5.599680542945861816e-01, 7.819164544343948364e-02
1.181000113487243652e+00, 1.349945068359375000e-01, 5.600917339324951172e-01, 7.821939885616302490e-02
1.182000041007995605e+00, 1.350409537553787231e-01, 5.602149963378906250e-01, 7.824709266424179077e-02
1.183000087738037109e+00, 1.350872516632080078e-01, 5.603378415107727051e-01, 7.827471196651458740e-02
1.184000015258789062e+00, 1.351334005594253540e-01, 5.604603290557861328e-01, 7.830225676298141479e-02
1.185000061988830566e+00, 1.351794004440307617e-01, 5.605824589729309082e-01, 7.832972705364227295e-02
1.186000108718872070e+00, 1.352252513170242310e-01, 5.607042312622070312e-01, 7.835711538791656494e-02
1.187000036239624023e+00, 1.352709680795669556e-01, 5.608256459236145020e-01, 7.838441431522369385e-02
1.188000082969665527e+00, 1.353165507316589355e-01, 5.609466433525085449e-01, 7.841161638498306274e-02
1.189000010490417480e+00, 1.353619843721389771e-01, 5.610672235488891602e-01, 7.843871414661407471e-02
1.190000057220458984e+00, 1.354072839021682739e-01, 5.611874461174011230e-01, 7.846570760011672974e-02
1.191000103950500488e+00, 1.354524493217468262e-01, 5.613073110580444336e-01, 7.849261909723281860e-02
1.192000031471252441e+00, 1.354974657297134399e-01, 5.614268183708190918e-01, 7.851947098970413208e-02
1.193000078201293945e+00, 1.355423480272293091e-01, 5.615459680557250977e-01, 7.854625582695007324e-02
1.194000005722045898e+00, 1.355870962142944336e-01, 5.616647601127624512e-01, 7.857296615839004517e-02
1.195000052452087402e+00, 1.356316953897476196e-01, 5.617831945419311523e-01, 7.859960198402404785e-02
1.196000099182128906e+00, 1.356761604547500610e-01, 5.619012713432312012e-01, 7.862615585327148438e-02
1.197000026702880859e+00, 1.357204914093017578e-01, 5.620189905166625977e-01, 7.865262031555175781e-02
1.198000073432922363e+00, 1.357648372650146484e-01, 5.621362328529357910e-01, 7.867944985628128052e-02
1.199000000953674316e+00, 1.358090490102767944e-01, 5.622531175613403320e-01, 7.870619744062423706e-02
1.200000047683715820e+00, 1.358529627323150635e-01, 5.623697042465209961e-01, 7.873237878084182739e-02
1.201000094413757324e+00, 1.358967423439025879e-01, 5.624858736991882324e-01, 7.875847071409225464e-02
1.202000021934509277e+00, 1.359403878450393677e-01, 5.626017451286315918e-01, 7.878451049327850342e-02
1.203000068664550781e+00, 1.359838992357254028e-01, 5.627173185348510742e-01, 7.881048321723937988e-02
1.204000115394592285e+00, 1.360272765159606934e-01, 5.628325343132019043e-01, 7.883638888597488403e-02
1.205000042915344238e+00, 1.360705196857452393e-01, 5.629473924636840820e-01, 7.886222004890441895e-02
1.206000089645385742e+00, 1.361136287450790405e-01, 5.630618929862976074e-01, 7.888796925544738770e-02
1.207000017166137695e+00, 1.361566036939620972e-01, 5.631760358810424805e-01, 7.891363650560379028e-02
1.208000063896179199e+00, 1.361994445323944092e-01, 5.632898211479187012e-01, 7.893921434879302979e-02
1.209000110626220703e+00, 1.362421512603759766e-01, 5.634032487869262695e-01, 7.896469533443450928e-02
1.210000038146972656e+00, 1.362847387790679932e-01, 5.635163187980651855e-01, 7.899007946252822876e-02
1.211000084877014160e+00, 1.363271921873092651e-01, 5.636290311813354492e-01, 7.901538163423538208e-02
1.212000012397766113e+00, 1.363695114850997925e-01, 5.637413859367370605e-01, 7.904062420129776001e-02
1.213000059127807617e+00, 1.364116966724395752e-01, 5.638533830642700195e-01, 7.906580716371536255e-02
1.214000105857849121e+00, 1.364537477493286133e-01, 5.639650225639343262e-01, 7.909092307090759277e-02
1.215000033378601074e+00, 1.364956647157669067e-01, 5.640763044357299805e-01, 7.911596447229385376e-02
1.216000080108642578e+00, 1.365374475717544556e-01, 5.641872286796569824e-01, 7.914093136787414551e-02
1.217000007629394531e+00, 1.365791112184524536e-01, 5.642978549003601074e-01, 7.916581630706787109e-02
1.218000054359436035e+00, 1.366206407546997070e-01, 5.644081830978393555e-01, 7.919061183929443359e-02
1.219000101089477539e+00, 1.366620361804962158e-01, 5.645181536674499512e-01, 7.921531796455383301e-02
1.220000028610229492e+00, 1.367033123970031738e-01, 5.646277666091918945e-01, 7.923992723226547241e-02
1.221000075340270996e+00, 1.367444694042205811e-01, 5.647370219230651855e-01, 7.926446199417114258e-02
1.222000002861022949e+00, 1.367854923009872437e-01, 5.648459196090698242e-01, 7.928894460201263428e-02
1.223000049591064453e+00, 1.368263810873031616e-01, 5.649545192718505859e-01, 7.931336760520935059e-02
1.224000096321105957e+00, 1.368671506643295288e-01, 5.650628209114074707e-01, 7.933772355318069458e-02
1.225000023841857910e+00, 1.369078010320663452e-01, 5.651707649230957031e-01, 7.936201244592666626e-02
1.226000070571899414e+00, 1.369483172893524170e-01, 5.652783513069152832e-01, 7.938622683286666870e-02
1.227000117301940918e+00, 1.369886994361877441e-01, 5.653855800628662109e-01, 7.941035926342010498e-02
1.228000044822692871e+00, 1.370289623737335205e-01, 5.654924511909484863e-01, 7.943440973758697510e-02
1.229000091552734375e+00, 1.370691061019897461e-01, 5.655990242958068848e-01, 7.945837080478668213e-02
1.230000019073486328e+00, 1.371091306209564209e-01, 5.657052993774414062e-01, 7.948224246501922607e-02
1.231000065803527832e+00, 1.371490359306335449e-01, 5.658112168312072754e-01, 7.950603961944580078e-02
1.232000112533569336e+00, 1.371888071298599243e-01, 5.659167766571044922e-01, 7.952978461980819702e-02
1.233000040054321289e+00, 1.372284442186355591e-01, 5.660220384597778320e-01, 7.955347001552581787e-02
1.234000086784362793e+00, 1.372679620981216431e-01, 5.661270022392272949e-01, 7.957708835601806641e-02
1.235000014305114746e+00, 1.373073607683181763e-01, 5.662316083908081055e-01, 7.960063964128494263e-02
1.236000061035156250e+00, 1.373466402292251587e-01, 5.663359165191650391e-01, 7.962411642074584961e-02
1.237000107765197754e+00, 1.373858004808425903e-01, 5.664399266242980957e-01, 7.964751869440078735e-02
1.238000035285949707e+00, 1.374248415231704712e-01, 5.665435791015625000e-01, 7.967083901166915894e-02
1.239000082015991211e+00, 1.374637633562088013e-01, 5.666468739509582520e-01, 7.969406992197036743e-02
1.240000009536743164e+00, 1.375025659799575806e-01, 5.667498707771301270e-01, 7.971721142530441284e-02
1.241000056266784668e+00, 1.375412493944168091e-01, 5.668525695800781250e-01, 7.974028587341308594e-02
1.242000102996826172e+00, 1.375798135995864868e-01, 5.669549703598022461e-01, 7.976330816745758057e-02
1.243000030517578125e+00, 1.376182585954666138e-01, 5.670570731163024902e-01, 7.978627085685729980e-02
1.244000077247619629e+00, 1.376565843820571899e-01, 5.671588182449340820e-01, 7.980917394161224365e-02
1.245000004768371582e+00, 1.376947909593582153e-01, 5.672602653503417969e-01, 7.983201742172241211e-02
1.246000051498413086e+00, 1.377328783273696899e-01, 5.673614144325256348e-01, 7.985479384660720825e-02
1.247000098228454590e+00, 1.377708464860916138e-01, 5.674622058868408203e-01, 7.987749576568603516e-02
1.248000025749206543e+00, 1.378086954355239868e-01, 5.675626993179321289e-01, 7.990011572837829590e-02
1.249000072479248047e+00, 1.378464251756668091e-01, 5.676628947257995605e-01, 7.992264628410339355e-02
1.250000000000000000e+00, 1.378840357065200806e-01, 5.677627325057983398e-01, 7.994508743286132812e-02
1.251000046730041504e+00, 1.379215270280838013e-01, 5.678622722625732422e-01, 7.996746152639389038e-02
1.252000093460083008e+00, 1.379588991403579712e-01, 5.679615139961242676e-01, 7.998979091644287109e-02
1.253000020980834961e+00, 1.379961520433425903e-01, 5.680604577064514160e-01, 8.001206815242767334e-02
1.254000067710876465e+00, 1.380333006381988525e-01, 5.681591033935546875e-01, 8.003428578376770020e-02
1.255000114440917969e+00, 1.380703449249267578e-01, 5.682574510574340820e-01, 8.005643635988235474e-02
1.256000041961669922e+00, 1.381072700023651123e-01, 5.683555006980895996e-01, 8.007851988077163696e-02
1.257000088691711426e+00, 1.381440758705139160e-01, 5.684532523155212402e-01, 8.010053634643554688e-02
1.258000016212463379e+00, 1.381807625293731689e-01, 5.685507059097290039e-01, 8.012247085571289062e-02
1.259000062942504883e+00, 1.382173448801040649e-01, 5.686478018760681152e-01, 8.014432340860366821e-02
1.260000109672546387e+00, 1.382539868354797363e-01, 5.687444806098937988e-01, 8.016655594110488892e-02
1.261000037193298340e+00, 1.382905095815658569e-01, 5.688409209251403809e-01, 8.018873631954193115e-02
1.262000083923339844e+00, 1.383267492055892944e-01, 5.689371824264526367e-01, 8.021040260791778564e-02
1.263000011444091797e+00, 1.383628696203231812e-01, 5.690331459045410156e-01, 8.023200184106826782e-02
1.264000058174133301e+00, 1.383988857269287109e-01, 5.691288113594055176e-01, 8.025354892015457153e-02
1.265000104904174805e+00, 1.384347975254058838e-01, 5.692241787910461426e-01, 8.027502894401550293e-02
1.266000032424926758e+00, 1.384705901145935059e-01, 5.693192481994628906e-01, 8.029644191265106201e-02
1.267000079154968262e+00, 1.385062783956527710e-01, 5.694140195846557617e-01, 8.031778782606124878e-02
1.268000006675720215e+00, 1.385421603918075562e-01, 5.695077180862426758e-01, 8.033689111471176147e-02
1.269000053405761719e+00, 1.385779082775115967e-01, 5.696011185646057129e-01, 8.035588264465332031e-02
1.270000100135803223e+00, 1.386132538318634033e-01, 5.696949958801269531e-01, 8.037695288658142090e-02
1.271000027656555176e+00, 1.386482864618301392e-01, 5.697877407073974609e-01, 8.039621263742446899e-02
1.272000074386596680e+00, 1.386832147836685181e-01, 5.698802471160888672e-01, 8.041539788246154785e-02
1.273000001907348633e+00, 1.387182623147964478e-01, 5.699732899665832520e-01, 8.043629676103591919e-02
1.274000048637390137e+00, 1.387531906366348267e-01, 5.700660347938537598e-01, 8.045716583728790283e-02
1.275000095367431641e+00, 1.387879997491836548e-01, 5.701584815979003906e-01, 8.047799021005630493e-02
1.276000022888183594e+00, 1.388227045536041260e-01, 5.702506303787231445e-01, 8.049875497817993164e-02
1.277000069618225098e+00, 1.388573050498962402e-01, 5.703425407409667969e-01, 8.051945269107818604e-02
1.278000116348266602e+00, 1.388917863368988037e-01, 5.704341530799865723e-01, 8.054008334875106812e-02
1.279000043869018555e+00, 1.389261633157730103e-01, 5.705254673957824707e-01, 8.056063950061798096e-02
1.280000090599060059e+00, 1.389604359865188599e-01, 5.706164836883544922e-01, 8.058111369609832764e-02
1.281000018119812012e+00, 1.389946043491363525e-01, 5.707072019577026367e-01, 8.060152828693389893e-02
1.282000064849853516e+00, 1.390286684036254883e-01, 5.707976818084716797e-01, 8.062190562486648560e-02
1.283000111579895020e+00, 1.390626281499862671e-01, 5.708878636360168457e-01, 8.064223080873489380e-02
1.284000039100646973e+00, 1.390964835882186890e-01, 5.709777474403381348e-01, 8.066250383853912354e-02
1.285000085830688477e+00, 1.391302347183227539e-01, 5.710673928260803223e-01, 8.068272471427917480e-02
1.286000013351440430e+00, 1.391638815402984619e-01, 5.711567997932434082e-01, 8.070287853479385376e-02
1.287000060081481934e+00, 1.391974240541458130e-01, 5.712459087371826172e-01, 8.072296530008316040e-02
1.288000106811523438e+00, 1.392308622598648071e-01, 5.713347196578979492e-01, 8.074298501014709473e-02
1.289000034332275391e+00, 1.392641961574554443e-01, 5.714232325553894043e-01, 8.076293021440505981e-02
1.290000081062316895e+00, 1.392974257469177246e-01, 5.715114474296569824e-01, 8.078280091285705566e-02
1.291000008583068848e+00, 1.393305510282516479e-01, 5.715994238853454590e-01, 8.080261200666427612e-02
1.292000055313110352e+00, 1.393635720014572144e-01, 5.716871619224548340e-01, 8.082237839698791504e-02
1.293000102043151855e+00, 1.393964886665344238e-01, 5.717746019363403320e-01, 8.084210008382797241e-02
1.294000029563903809e+00, 1.394293010234832764e-01, 5.718617439270019531e-01, 8.086176961660385132e-02
1.295000076293945312e+00, 1.394620090723037720e-01, 5.719486474990844727e-01, 8.088137954473495483e-02
1.296000003814697266e+00, 1.394946277141571045e-01, 5.720353126525878906e-01, 8.090092986822128296e-02
1.297000050544738770e+00, 1.395271420478820801e-01, 5.721216797828674316e-01, 8.092041313648223877e-02
1.298000097274780273e+00, 1.395595520734786987e-01, 5.722077488899230957e-01, 8.093982934951782227e-02
1.299000024795532227e+00, 1.395918726921081543e-01, 5.722935795783996582e-01, 8.095917850732803345e-02
1.300000071525573730e+00, 1.396240890026092529e-01, 5.723791718482971191e-01, 8.097844570875167847e-02
1.301000118255615234e+00, 1.396562010049819946e-01, 5.724644660949707031e-01, 8.099765330553054810e-02
1.302000045776367188e+00, 1.396882236003875732e-01, 5.725494623184204102e-01, 8.101682364940643311e-02
1.303000092506408691e+00, 1.397201418876647949e-01, 5.726342201232910156e-01, 8.103594928979873657e-02
1.304000020027160645e+00, 1.397519558668136597e-01, 5.727187395095825195e-01, 8.105502277612686157e-02
1.305000066757202148e+00, 1.397836804389953613e-01, 5.728030204772949219e-01, 8.107403665781021118e-02
1.306000113487243652e+00, 1.398153007030487061e-01, 5.728870630264282227e-01, 8.109299093484878540e-02
1.307000041007995605e+00, 1.398469805717468262e-01, 5.729707479476928711e-01, 8.111236244440078735e-02
1.308000087738037109e+00, 1.398785710334777832e-01, 5.730541348457336426e-01, 8.113168179988861084e-02
1.309000015258789062e+00, 1.399099081754684448e-01, 5.731373429298400879e-01, 8.115044981241226196e-02
1.310000061988830566e+00, 1.399411410093307495e-01, 5.732203125953674316e-01, 8.116912841796875000e-02
1.311000108718872070e+00, 1.399722695350646973e-01, 5.733030438423156738e-01, 8.118775486946105957e-02
1.312000036239624023e+00, 1.400033086538314819e-01, 5.733855366706848145e-01, 8.120634406805038452e-02
1.313000082969665527e+00, 1.400342583656311035e-01, 5.734677910804748535e-01, 8.122488856315612793e-02
1.314000010490417480e+00, 1.400651037693023682e-01, 5.735497474670410156e-01, 8.124338090419769287e-02
1.315000057220458984e+00, 1.400958448648452759e-01, 5.736314058303833008e-01, 8.126182109117507935e-02
1.316000103950500488e+00, 1.401264965534210205e-01, 5.737128257751464844e-01, 8.128020912408828735e-02
1.317000031471252441e+00, 1.401570588350296021e-01, 5.737940073013305664e-01, 8.129853010177612305e-02
1.318000078201293945e+00, 1.401875317096710205e-01, 5.738749504089355469e-01, 8.131678402423858643e-02
1.319000005722045898e+00, 1.402179151773452759e-01, 5.739556550979614258e-01, 8.133497089147567749e-02
1.320000052452087402e+00, 1.402481943368911743e-01, 5.740361213684082031e-01, 8.135308325290679932e-02
1.321000099182128906e+00, 1.402783691883087158e-01, 5.741163492202758789e-01, 8.137114346027374268e-02
1.322000026702880859e+00, 1.403084546327590942e-01, 5.741963386535644531e-01, 8.138916641473770142e-02
1.323000073432922363e+00, 1.403384506702423096e-01, 5.742760896682739258e-01, 8.140714466571807861e-02
1.324000120162963867e+00, 1.403683573007583618e-01, 5.743556022644042969e-01, 8.142507821321487427e-02
1.325000047683715820e+00, 1.403981745243072510e-01, 5.744348168373107910e-01, 8.144295960664749146e-02
1.326000094413757324e+00, 1.404279023408889771e-01, 5.745137333869934082e-01, 8.146078139543533325e-02
1.327000021934509277e+00, 1.404575407505035400e-01, 5.745924115180969238e-01, 8.147854357957839966e-02
1.328000068664550781e+00, 1.404870897531509399e-01, 5.746708512306213379e-01, 8.149624615907669067e-02
1.329000115394592285e+00, 1.405165344476699829e-01, 5.747490525245666504e-01, 8.151388168334960938e-02
1.330000042915344238e+00, 1.405458748340606689e-01, 5.748270153999328613e-01, 8.153145015239715576e-02
1.331000089645385742e+00, 1.405751258134841919e-01, 5.749047398567199707e-01, 8.154896646738052368e-02
1.332000017166137695e+00, 1.406042873859405518e-01, 5.749822258949279785e-01, 8.156644552946090698e-02
1.333000063896179199e+00, 1.406333595514297485e-01, 5.750594735145568848e-01, 8.158388733863830566e-02
1.334000110626220703e+00, 1.406623423099517822e-01, 5.751364827156066895e-01, 8.160127699375152588e-02
1.335000038146972656e+00, 1.406912356615066528e-01, 5.752132534980773926e-01, 8.161861449480056763e-02
1.336000084877014160e+00, 1.407200396060943604e-01, 5.752897858619689941e-01, 8.163589984178543091e-02
1.337000012397766113e+00, 1.407487541437149048e-01, 5.753660798072814941e-01, 8.165312558412551880e-02
1.338000059127807617e+00, 1.407773792743682861e-01, 5.754421353340148926e-01, 8.167029172182083130e-02
1.339000105857849121e+00, 1.408059149980545044e-01, 5.755179524421691895e-01, 8.168739825487136841e-02
1.340000033378601074e+00, 1.408343613147735596e-01, 5.755935311317443848e-01, 8.170443773269653320e-02
1.341000080108642578e+00, 1.408627182245254517e-01, 5.756688714027404785e-01, 8.172142505645751953e-02
1.342000007629394531e+00, 1.408909857273101807e-01, 5.757439732551574707e-01, 8.173837512731552124e-02
1.343000054359436035e+00, 1.409191787242889404e-01, 5.758188366889953613e-01, 8.175528049468994141e-02
1.344000101089477539e+00, 1.409472972154617310e-01, 5.758935213088989258e-01, 8.177214115858078003e-02
1.345000028610229492e+00, 1.409753262996673584e-01, 5.759680271148681641e-01, 8.178895711898803711e-02
1.346000075340270996e+00, 1.410032659769058228e-01, 5.760422945022583008e-01, 8.180572092533111572e-02
1.347000122070312500e+00, 1.410311162471771240e-01, 5.761163234710693359e-01, 8.182242512702941895e-02
1.348000049591064453e+00, 1.410588771104812622e-01, 5.761901140213012695e-01, 8.183906972408294678e-02
1.349000096321105957e+00, 1.410865485668182373e-01, 5.762636661529541016e-01, 8.185565471649169922e-02
1.350000023841857910e+00, 1.411141306161880493e-01, 5.763369798660278320e-01, 8.187218010425567627e-02
1.351000070571899414e+00, 1.411416232585906982e-01, 5.764100551605224609e-01, 8.188865333795547485e-02
1.352000117301940918e+00, 1.411690413951873779e-01, 5.764828920364379883e-01, 8.190508931875228882e-02
1.353000044822692871e+00, 1.411963850259780884e-01, 5.765554904937744141e-01, 8.192148804664611816e-02
1.354000091552734375e+00, 1.412236392498016357e-01, 5.766279101371765137e-01, 8.193784207105636597e-02
1.355000019073486328e+00, 1.412508040666580200e-01, 5.767001509666442871e-01, 8.195415139198303223e-02
1.356000065803527832e+00, 1.412778794765472412e-01, 5.767721533775329590e-01, 8.197040855884552002e-02
1.357000112533569336e+00, 1.413048654794692993e-01, 5.768439173698425293e-01, 8.198661357164382935e-02
1.358000040054321289e+00, 1.413317769765853882e-01, 5.769154429435729980e-01, 8.200276643037796021e-02
1.359000086784362793e+00, 1.413586139678955078e-01, 5.769867300987243652e-01, 8.201885223388671875e-02
1.360000014305114746e+00, 1.413853615522384644e-01, 5.770577788352966309e-01, 8.203487098217010498e-02
1.361000061035156250e+00, 1.414120197296142578e-01, 5.771285891532897949e-01, 8.205084502696990967e-02
1.362000107765197754e+00, 1.414386034011840820e-01, 5.771992206573486328e-01, 8.206678181886672974e-02
1.363000035285949707e+00, 1.414651125669479370e-01, 5.772696733474731445e-01, 8.208268135786056519e-02
1.364000082015991211e+00, 1.414915323257446289e-01, 5.773398876190185547e-01, 8.209854364395141602e-02
1.365000009536743164e+00, 1.415178626775741577e-01, 5.774098634719848633e-01, 8.211436122655868530e-02
1.366000056266784668e+00, 1.415441185235977173e-01, 5.774796009063720703e-01, 8.213012665510177612e-02
1.367000102996826172e+00, 1.415702998638153076e-01, 5.775491595268249512e-01, 8.214583992958068848e-02
1.368000030517578125e+00, 1.415963917970657349e-01, 5.776185393333435059e-01, 8.216150104999542236e-02
1.369000077247619629e+00, 1.416223943233489990e-01, 5.776876807212829590e-01, 8.217710256576538086e-02
1.370000123977661133e+00, 1.416483223438262939e-01, 5.777565836906433105e-01, 8.219264447689056396e-02
1.371000051498413086e+00, 1.416741758584976196e-01, 5.778252482414245605e-01, 8.220814168453216553e-02
1.372000098228454590e+00, 1.416999399662017822e-01, 5.778937339782714844e-01, 8.222360163927078247e-02
1.373000025749206543e+00, 1.417257785797119141e-01, 5.779619216918945312e-01, 8.223950117826461792e-02
1.374000072479248047e+00, 1.417515426874160767e-01, 5.780298709869384766e-01, 8.225537836551666260e-02
1.375000119209289551e+00, 1.417770683765411377e-01, 5.780977010726928711e-01, 8.227072656154632568e-02
1.376000046730041504e+00, 1.418025195598602295e-01, 5.781653523445129395e-01, 8.228600770235061646e-02
1.377000093460083008e+00, 1.418278962373733521e-01, 5.782328248023986816e-01, 8.230124413967132568e-02
1.378000020980834961e+00, 1.418531835079193115e-01, 5.783000588417053223e-01, 8.231642842292785645e-02
1.379000067710876465e+00, 1.418783962726593018e-01, 5.783670544624328613e-01, 8.233155310153961182e-02
1.380000114440917969e+00, 1.419035345315933228e-01, 5.784338116645812988e-01, 8.234661817550659180e-02
1.381000041961669922e+00, 1.419285982847213745e-01, 5.785003900527954102e-01, 8.236163854598999023e-02
1.382000088691711426e+00, 1.419535875320434570e-01, 5.785667896270751953e-01, 8.237662911415100098e-02
1.383000016212463379e+00, 1.419784873723983765e-01, 5.786329507827758789e-01, 8.239158242940902710e-02
1.384000062942504883e+00, 1.420033127069473267e-01, 5.786989331245422363e-01, 8.240649104118347168e-02
1.385000109672546387e+00, 1.420280635356903076e-01, 5.787647366523742676e-01, 8.242135494947433472e-02
1.386000037193298340e+00, 1.420527398586273193e-01, 5.788303017616271973e-01, 8.243617415428161621e-02
1.387000083923339844e+00, 1.420773416757583618e-01, 5.788956880569458008e-01, 8.245094865560531616e-02
1.388000011444091797e+00, 1.421018689870834351e-01, 5.789608955383300781e-01, 8.246567100286483765e-02
1.389000058174133301e+00, 1.421263217926025391e-01, 5.790258646011352539e-01, 8.248033374547958374e-02
1.390000104904174805e+00, 1.421507000923156738e-01, 5.790905952453613281e-01, 8.249493688344955444e-02
1.391000032424926758e+00, 1.421750038862228394e-01, 5.791551470756530762e-01, 8.250949531793594360e-02
1.392000079154968262e+00, 1.421992182731628418e-01, 5.792195200920104980e-01, 8.252402395009994507e-02
1.393000006675720215e+00, 1.422233581542968750e-01, 5.792837142944335938e-01, 8.253852277994155884e-02
1.394000053405761719e+00, 1.422474235296249390e-01, 5.793477296829223633e-01, 8.255298435688018799e-02
1.395000100135803223e+00, 1.422714143991470337e-01, 5.794115066528320312e-01, 8.256740123033523560e-02
1.396000027656555176e+00, 1.422953307628631592e-01, 5.794751048088073730e-01, 8.258177340030670166e-02
1.397000074386596680e+00, 1.423191726207733154e-01, 5.795385241508483887e-01, 8.259610086679458618e-02
1.398000121116638184e+00, 1.423429548740386963e-01, 5.796017050743103027e-01, 8.261037617921829224e-02
1.399000048637390137e+00, 1.423666626214981079e-01, 5.796647071838378906e-01, 8.262459933757781982e-02
1.400000095367431641e+00, 1.423902958631515503e-01, 5.797275304794311523e-01, 8.263877034187316895e-02
1.401000022888183594e+00, 1.424138545989990234e-01, 5.797901153564453125e-01, 8.265289664268493652e-02
1.402000069618225098e+00, 1.424373388290405273e-01, 5.798525214195251465e-01, 8.266699314117431641e-02
1.403000116348266602e+00, 1.424607485532760620e-01, 5.799147486686706543e-01, 8.268105238676071167e-02
1.404000043869018555e+00, 1.424840837717056274e-01, 5.799767971038818359e-01, 8.269507437944412231e-02
1.405000090599060059e+00, 1.425073444843292236e-01, 5.800386667251586914e-01, 8.270905911922454834e-02
1.406000018119812012e+00, 1.425305306911468506e-01, 5.801002979278564453e-01, 8.272299915552139282e-02
1.407000064849853516e+00, 1.425536572933197021e-01, 5.801617503166198730e-01, 8.273689448833465576e-02
1.408000111579895020e+00, 1.425767093896865845e-01, 5.802230238914489746e-01, 8.275074511766433716e-02
1.409000039100646973e+00, 1.425996869802474976e-01, 5.802840590476989746e-01, 8.276454359292984009e-02
1.410000085830688477e+00, 1.426226049661636353e-01, 5.803449153900146484e-01, 8.277828246355056763e-02
1.411000013351440430e+00, 1.426454484462738037e-01, 5.804055929183959961e-01, 8.279197663068771362e-02
1.412000060081481934e+00, 1.426682174205780029e-01, 5.804660916328430176e-01, 8.280564099550247192e-02
1.413000106811523438e+00, 1.426909118890762329e-01, 5.805264115333557129e-01, 8.281927555799484253e-02
1.414000034332275391e+00, 1.427135318517684937e-01, 5.805865526199340820e-01, 8.283287286758422852e-02
1.415000081062316895e+00, 1.427360922098159790e-01, 5.806465148925781250e-01, 8.284643292427062988e-02
1.416000008583068848e+00, 1.427585780620574951e-01, 5.807062983512878418e-01, 8.285995572805404663e-02
1.417000055313110352e+00, 1.427809894084930420e-01, 5.807659029960632324e-01, 8.287343382835388184e-02
1.418000102043151855e+00, 1.428033411502838135e-01, 5.808253288269042969e-01, 8.288685977458953857e-02
1.419000029563903809e+00, 1.428256183862686157e-01, 5.808845758438110352e-01, 8.290023356676101685e-02
1.420000076293945312e+00, 1.428478211164474487e-01, 5.809435844421386719e-01, 8.291355520486831665e-02
1.421000123023986816e+00, 1.428699642419815063e-01, 5.810024142265319824e-01, 8.292683959007263184e-02
1.422000050544738770e+00, 1.428920328617095947e-01, 5.810610651969909668e-01, 8.294010162353515625e-02
1.423000097274780273e+00, 1.429140269756317139e-01, 5.811195373535156250e-01, 8.295332640409469604e-02
1.424000024795532227e+00, 1.429359614849090576e-01, 5.811778306961059570e-01, 8.296651393175125122e-02
1.425000071525573730e+00, 1.429578363895416260e-01, 5.812359452247619629e-01, 8.297966420650482178e-02
1.426000118255615234e+00, 1.429796367883682251e-01, 5.812938809394836426e-01, 8.299276977777481079e-02
1.427000045776367188e+00, 1.430013626813888550e-01, 5.813516378402709961e-01, 8.300583064556121826e-02
1.428000092506408691e+00, 1.430230289697647095e-01, 5.814092159271240234e-01, 8.301884680986404419e-02
1.429000020027160645e+00, 1.430446356534957886e-01, 5.814666152000427246e-01, 8.303181827068328857e-02
1.430000066757202148e+00, 1.430661678314208984e-01, 5.815238356590270996e-01, 8.304473757743835449e-02
1.431000113487243652e+00, 1.430876255035400391e-01, 5.815808773040771484e-01, 8.305761963129043579e-02
1.432000041007995605e+00, 1.431090235710144043e-01, 5.816377401351928711e-01, 8.307047933340072632e-02
1.433000087738037109e+00, 1.431305110454559326e-01, 5.816943645477294922e-01, 8.308378607034683228e-02
1.434000015258789062e+00, 1.431519240140914917e-01, 5.817508697509765625e-01, 8.309707045555114746e-02
1.435000061988830566e+00, 1.431731134653091431e-01, 5.818072557449340820e-01, 8.310983330011367798e-02
1.436000108718872070e+00, 1.431942433118820190e-01, 5.818634629249572754e-01, 8.312254399061203003e-02
1.437000036239624023e+00, 1.432153135538101196e-01, 5.819194912910461426e-01, 8.313521742820739746e-02
1.438000082969665527e+00, 1.432363241910934448e-01, 5.819753408432006836e-01, 8.314784616231918335e-02
1.439000010490417480e+00, 1.432572603225708008e-01, 5.820310115814208984e-01, 8.316043019294738770e-02
1.440000057220458984e+00, 1.432781219482421875e-01, 5.820865035057067871e-01, 8.317296206951141357e-02
1.441000103950500488e+00, 1.432989239692687988e-01, 5.821418166160583496e-01, 8.318545669317245483e-02
1.442000031471252441e+00, 1.433196663856506348e-01, 5.821969509124755859e-01, 8.319792896509170532e-02
1.443000078201293945e+00, 1.433403491973876953e-01, 5.822519659996032715e-01, 8.321036398410797119e-02
1.444000124931335449e+00, 1.433609724044799805e-01, 5.823068022727966309e-01, 8.322276175022125244e-02
1.445000052452087402e+00, 1.433815211057662964e-01, 5.823614597320556641e-01, 8.323512971401214600e-02
1.446000099182128906e+00, 1.434019953012466431e-01, 5.824159383773803711e-01, 8.324746042490005493e-02
1.447000026702880859e+00, 1.434224098920822144e-01, 5.824702382087707520e-01, 8.325974643230438232e-02
1.448000073432922363e+00, 1.434427648782730103e-01, 5.825243592262268066e-01, 8.327198773622512817e-02
1.449000120162963867e+00, 1.434630602598190308e-01, 5.825783014297485352e-01, 8.328418433666229248e-02
1.450000047683715820e+00, 1.434832960367202759e-01, 5.826320648193359375e-01, 8.329633623361587524e-02
1.451000094413757324e+00, 1.435034722089767456e-01, 5.826856493949890137e-01, 8.330845087766647339e-02
1.452000021934509277e+00, 1.435235887765884399e-01, 5.827391147613525391e-01, 8.332053571939468384e-02
1.453000068664550781e+00, 1.435436457395553589e-01, 5.827924013137817383e-01, 8.333259075880050659e-02
1.454000115394592285e+00, 1.435636430978775024e-01, 5.828455090522766113e-01, 8.334461599588394165e-02
1.455000042915344238e+00, 1.435835659503936768e-01, 5.828984975814819336e-01, 8.335661143064498901e-02
1.456000089645385742e+00, 1.436034142971038818e-01, 5.829513072967529297e-01, 8.336856961250305176e-02
1.457000017166137695e+00, 1.436232030391693115e-01, 5.830039381980895996e-01, 8.338048309087753296e-02
1.458000063896179199e+00, 1.436429321765899658e-01, 5.830564498901367188e-01, 8.339235186576843262e-02
1.459000110626220703e+00, 1.436626017093658447e-01, 5.831087827682495117e-01, 8.340417593717575073e-02
1.460000038146972656e+00, 1.436822116374969482e-01, 5.831609368324279785e-01, 8.341595530509948730e-02
1.461000084877014160e+00, 1.437017619609832764e-01, 5.832129120826721191e-01, 8.342770487070083618e-02
1.462000012397766113e+00, 1.437212526798248291e-01, 5.832647085189819336e-01, 8.343943208456039429e-02
1.463000059127807617e+00, 1.437406837940216064e-01, 5.833163857460021973e-01, 8.345112949609756470e-02
1.464000105857849121e+00, 1.437600553035736084e-01, 5.833679437637329102e-01, 8.346279710531234741e-02
1.465000033378601074e+00, 1.437793672084808350e-01, 5.834193229675292969e-01, 8.347442746162414551e-02
1.466000080108642578e+00, 1.437986195087432861e-01, 5.834705233573913574e-01, 8.348602056503295898e-02
1.467000126838684082e+00, 1.438178122043609619e-01, 5.835216045379638672e-01, 8.349757641553878784e-02
1.468000054359436035e+00, 1.438369452953338623e-01, 5.835725069046020508e-01, 8.350908756256103516e-02
1.469000101089477539e+00, 1.438560187816619873e-01, 5.836232304573059082e-01, 8.352055400609970093e-02
1.470000028610229492e+00, 1.438750326633453369e-01, 5.836737751960754395e-01, 8.353197574615478516e-02
1.471000075340270996e+00, 1.438939869403839111e-01, 5.837241411209106445e-01, 8.354336768388748169e-02
1.472000122070312500e+00, 1.439128816127777100e-01, 5.837743878364562988e-01, 8.355473726987838745e-02
1.473000049591064453e+00, 1.439317166805267334e-01, 5.838245153427124023e-01, 8.356607705354690552e-02
1.474000096321105957e+00, 1.439504921436309814e-01, 5.838744640350341797e-01, 8.357738703489303589e-02
1.475000023841857910e+00, 1.439692080020904541e-01, 5.839242339134216309e-01, 8.358866721391677856e-02
1.476000070571899414e+00, 1.439878642559051514e-01, 5.839738845825195312e-01, 8.359991014003753662e-02
1.477000117301940918e+00, 1.440064609050750732e-01, 5.840234160423278809e-01, 8.361111581325531006e-02
1.478000044822692871e+00, 1.440250128507614136e-01, 5.840727686882019043e-01, 8.362228423357009888e-02
1.479000091552734375e+00, 1.440435200929641724e-01, 5.841219425201416016e-01, 8.363340795040130615e-02
1.480000019073486328e+00, 1.440619677305221558e-01, 5.841709971427917480e-01, 8.364448696374893188e-02
1.481000065803527832e+00, 1.440803557634353638e-01, 5.842198729515075684e-01, 8.365553617477416992e-02
1.482000112533569336e+00, 1.440986841917037964e-01, 5.842685699462890625e-01, 8.366656303405761719e-02
1.483000040054321289e+00, 1.441169530153274536e-01, 5.843171477317810059e-01, 8.367756009101867676e-02
1.484000086784362793e+00, 1.441351622343063354e-01, 5.843656063079833984e-01, 8.368852734565734863e-02
1.485000014305114746e+00, 1.441533118486404419e-01, 5.844138860702514648e-01, 8.369946479797363281e-02
1.486000061035156250e+00, 1.441714018583297729e-01, 5.844619870185852051e-01, 8.371037244796752930e-02
1.487000107765197754e+00, 1.441894322633743286e-01, 5.845099687576293945e-01, 8.372124284505844116e-02
1.488000035285949707e+00, 1.442074179649353027e-01, 5.845578312873840332e-01, 8.373206853866577148e-02
1.489000082015991211e+00, 1.442253589630126953e-01, 5.846055150032043457e-01, 8.374285697937011719e-02
1.490000128746032715e+00, 1.442432403564453125e-01, 5.846530199050903320e-01, 8.375360816717147827e-02
1.491000056266784668e+00, 1.442610621452331543e-01, 5.847004055976867676e-01, 8.376432210206985474e-02
1.492000102996826172e+00, 1.442788243293762207e-01, 5.847476720809936523e-01, 8.377501368522644043e-02
1.493000030517578125e+00, 1.442965269088745117e-01, 5.847948193550109863e-01, 8.378568291664123535e-02
1.494000077247619629e+00, 1.443141698837280273e-01, 5.848417878150939941e-01, 8.379632234573364258e-02
1.495000123977661133e+00, 1.443317681550979614e-01, 5.848885774612426758e-01, 8.380693197250366211e-02
1.496000051498413086e+00, 1.443493217229843140e-01, 5.849352478981018066e-01, 8.381750434637069702e-02
1.497000098228454590e+00, 1.443668156862258911e-01, 5.849817991256713867e-01, 8.382803946733474731e-02
1.498000025749206543e+00, 1.443844139575958252e-01, 5.850281119346618652e-01, 8.383902162313461304e-02
1.499000072479248047e+00, 1.444019526243209839e-01, 5.850742459297180176e-01, 8.384998142719268799e-02
1.500000119209289551e+00, 1.444192826747894287e-01, 5.851203203201293945e-01, 8.386041224002838135e-02
1.501000046730041504e+00, 1.444343924522399902e-01, 5.851880908012390137e-01, 8.387363702058792114e-02
1.502000093460083008e+00, 1.444450914859771729e-01, 5.852993726730346680e-01, 8.389243483543395996e-02
1.503000020980834961e+00, 1.444513797760009766e-01, 5.854541659355163574e-01, 8.391670137643814087e-02
1.504000067710876465e+00, 1.444532722234725952e-01, 5.856525301933288574e-01, 8.394644409418106079e-02
1.505000114440917969e+00, 1.444507837295532227e-01, 5.858944654464721680e-01, 8.398167043924331665e-02
1.506000041961669922e+00, 1.444439291954040527e-01, 5.861799120903015137e-01, 8.402239531278610229e-02
1.507000088691711426e+00, 1.444327235221862793e-01, 5.865089297294616699e-01, 8.406863361597061157e-02
1.508000016212463379e+00, 1.444171816110610962e-01, 5.868815779685974121e-01, 8.412040024995803833e-02
1.509000062942504883e+00, 1.443973183631896973e-01, 5.872978568077087402e-01, 8.417771756649017334e-02
1.510000109672546387e+00, 1.443731486797332764e-01, 5.877577662467956543e-01, 8.424060791730880737e-02
1.511000037193298340e+00, 1.443379819393157959e-01, 5.882599353790283203e-01, 8.430462330579757690e-02
1.512000083923339844e+00, 1.442851126194000244e-01, 5.888029932975769043e-01, 8.436535298824310303e-02
1.513000130653381348e+00, 1.442145556211471558e-01, 5.893869996070861816e-01, 8.442290127277374268e-02
1.514000058174133301e+00, 1.441231518983840942e-01, 5.900120139122009277e-01, 8.446364104747772217e-02
1.515000104904174805e+00, 1.440099775791168213e-01, 5.906780958175659180e-01, 8.448360860347747803e-02
1.516000032424926758e+00, 1.438772827386856079e-01, 5.913853049278259277e-01, 8.449260145425796509e-02
1.517000079154968262e+00, 1.437250822782516479e-01, 5.921336412429809570e-01, 8.449078351259231567e-02
1.518000125885009766e+00, 1.435534060001373291e-01, 5.929231643676757812e-01, 8.447831869125366211e-02
1.519000053405761719e+00, 1.433424204587936401e-01, 5.937394499778747559e-01, 8.450125902891159058e-02
1.520000100135803223e+00, 1.431465297937393188e-01, 5.945789217948913574e-01, 8.446265757083892822e-02
1.521000027656555176e+00, 1.429502665996551514e-01, 5.954691171646118164e-01, 8.436015993356704712e-02
1.522000074386596680e+00, 1.426984518766403198e-01, 5.964056849479675293e-01, 8.429142087697982788e-02
1.523000121116638184e+00, 1.424256265163421631e-01, 5.973675847053527832e-01, 8.421376347541809082e-02
1.524000048637390137e+00, 1.421317905187606812e-01, 5.983547568321228027e-01, 8.412767201662063599e-02
1.525000095367431641e+00, 1.418169289827346802e-01, 5.993670821189880371e-01, 8.403361588716506958e-02
1.526000022888183594e+00, 1.414810419082641602e-01, 6.004043221473693848e-01, 8.393200486898422241e-02
1.527000069618225098e+00, 1.411241590976715088e-01, 6.014662384986877441e-01, 8.382322639226913452e-02
1.528000116348266602e+00, 1.407462805509567261e-01, 6.025525331497192383e-01, 8.370766788721084595e-02
1.529000043869018555e+00, 1.403474062681198120e-01, 6.036629080772399902e-01, 8.358573913574218750e-02
1.530000090599060059e+00, 1.399275511503219604e-01, 6.047970652580261230e-01, 8.345787227153778076e-02
1.531000018119812012e+00, 1.394976824522018433e-01, 6.059433817863464355e-01, 8.331854641437530518e-02
1.532000064849853516e+00, 1.390687674283981323e-01, 6.070903539657592773e-01, 8.316203206777572632e-02
1.533000111579895020e+00, 1.386408209800720215e-01, 6.082379817962646484e-01, 8.298834413290023804e-02
1.534000039100646973e+00, 1.382174193859100342e-01, 6.093980073928833008e-01, 8.279571682214736938e-02
1.535000085830688477e+00, 1.377978324890136719e-01, 6.105695962905883789e-01, 8.259166777133941650e-02
1.536000013351440430e+00, 1.373777836561203003e-01, 6.117402911186218262e-01, 8.238539099693298340e-02
1.537000060081481934e+00, 1.369576305150985718e-01, 6.129115819931030273e-01, 8.217276632785797119e-02
1.538000106811523438e+00, 1.365378499031066895e-01, 6.140854954719543457e-01, 8.194865286350250244e-02
1.539000034332275391e+00, 1.361185908317565918e-01, 6.152625679969787598e-01, 8.171194046735763550e-02
1.540000081062316895e+00, 1.356998682022094727e-01, 6.164427399635314941e-01, 8.146262913942337036e-02
1.541000127792358398e+00, 1.352816075086593628e-01, 6.176230311393737793e-01, 8.120454847812652588e-02
1.542000055313110352e+00, 1.348637789487838745e-01, 6.188001036643981934e-01, 8.094201982021331787e-02
1.543000102043151855e+00, 1.344475150108337402e-01, 6.199747920036315918e-01, 8.068169653415679932e-02
1.544000029563903809e+00, 1.340330392122268677e-01, 6.211473345756530762e-01, 8.042697608470916748e-02
1.545000076293945312e+00, 1.336195170879364014e-01, 6.223167777061462402e-01, 8.017490059137344360e-02
1.546000123023986816e+00, 1.332067549228668213e-01, 6.234827041625976562e-01, 7.992226630449295044e-02
1.547000050544738770e+00, 1.327952146530151367e-01, 6.246455907821655273e-01, 7.967044413089752197e-02
1.548000097274780273e+00, 1.323847770690917969e-01, 6.258052587509155273e-01, 7.941933721303939819e-02
1.549000024795532227e+00, 1.319755762815475464e-01, 6.269616484642028809e-01, 7.916874438524246216e-02
1.550000071525573730e+00, 1.315679848194122314e-01, 6.281152367591857910e-01, 7.892143726348876953e-02
1.551000118255615234e+00, 1.311615109443664551e-01, 6.292653679847717285e-01, 7.867554575204849243e-02
1.552000045776367188e+00, 1.307559460401535034e-01, 6.304115653038024902e-01, 7.842840999364852905e-02
1.553000092506408691e+00, 1.303516477346420288e-01, 6.315543055534362793e-01, 7.818177342414855957e-02
1.554000020027160645e+00, 1.299485266208648682e-01, 6.326934695243835449e-01, 7.793553918600082397e-02
1.555000066757202148e+00, 1.295466572046279907e-01, 6.338291168212890625e-01, 7.768992334604263306e-02
1.556000113487243652e+00, 1.291463673114776611e-01, 6.349617242813110352e-01, 7.744764536619186401e-02
1.557000041007995605e+00, 1.287469416856765747e-01, 6.360903978347778320e-01, 7.720430940389633179e-02
1.558000087738037109e+00, 1.283488124608993530e-01, 6.372156143188476562e-01, 7.696134597063064575e-02
1.559000015258789062e+00, 1.279522329568862915e-01, 6.383377909660339355e-01, 7.672134786844253540e-02
1.560000061988830566e+00, 1.275565475225448608e-01, 6.394560933113098145e-01, 7.648006081581115723e-02
1.561000108718872070e+00, 1.271621137857437134e-01, 6.405709385871887207e-01, 7.623929530382156372e-02
1.562000036239624023e+00, 1.267691701650619507e-01, 6.416827440261840820e-01, 7.600162923336029053e-02
1.563000082969665527e+00, 1.263771057128906250e-01, 6.427907347679138184e-01, 7.576286047697067261e-02
1.564000129699707031e+00, 1.259862631559371948e-01, 6.438953280448913574e-01, 7.552467286586761475e-02
1.565000057220458984e+00, 1.255968958139419556e-01, 6.449968814849853516e-01, 7.528933882713317871e-02
1.566000103950500488e+00, 1.252084076404571533e-01, 6.460946202278137207e-01, 7.505279779434204102e-02
1.567000031471252441e+00, 1.248211637139320374e-01, 6.471889615058898926e-01, 7.481677830219268799e-02
1.568000078201293945e+00, 1.244354173541069031e-01, 6.482802629470825195e-01, 7.458361238241195679e-02
1.569000124931335449e+00, 1.240505576133728027e-01, 6.493677496910095215e-01, 7.434915006160736084e-02
1.570000052452087402e+00, 1.236669495701789856e-01, 6.504518389701843262e-01, 7.411512732505798340e-02
1.571000099182128906e+00, 1.232844963669776917e-01, 6.515325307846069336e-01, 7.388163357973098755e-02
1.572000026702880859e+00, 1.229032203555107117e-01, 6.526099443435668945e-01, 7.364873588085174561e-02
1.573000073432922363e+00, 1.225234195590019226e-01, 6.536844372749328613e-01, 7.341898232698440552e-02
1.574000120162963867e+00, 1.221447214484214783e-01, 6.547555923461914062e-01, 7.319035381078720093e-02
1.575000047683715820e+00, 1.217668950557708740e-01, 6.558231115341186523e-01, 7.296025007963180542e-02
1.576000094413757324e+00, 1.213902831077575684e-01, 6.568873524665832520e-01, 7.273056358098983765e-02
1.577000021934509277e+00, 1.210151389241218567e-01, 6.579486727714538574e-01, 7.250376790761947632e-02
1.578000068664550781e+00, 1.206408292055130005e-01, 6.590062975883483887e-01, 7.227572053670883179e-02
1.579000115394592285e+00, 1.202677488327026367e-01, 6.600606441497802734e-01, 7.204799354076385498e-02
1.580000042915344238e+00, 1.198961436748504639e-01, 6.611120700836181641e-01, 7.182312756776809692e-02
1.581000089645385742e+00, 1.195253506302833557e-01, 6.621598601341247559e-01, 7.159713655710220337e-02
1.582000017166137695e+00, 1.191557273268699646e-01, 6.632044315338134766e-01, 7.137157768011093140e-02
1.583000063896179199e+00, 1.187875121831893921e-01, 6.642461419105529785e-01, 7.114891707897186279e-02
1.584000110626220703e+00, 1.184200793504714966e-01, 6.652842760086059570e-01, 7.092513889074325562e-02
1.585000038146972656e+00, 1.180538237094879150e-01, 6.663192510604858398e-01, 7.070172578096389771e-02
1.586000084877014160e+00, 1.176889911293983459e-01, 6.673513650894165039e-01, 7.048118114471435547e-02
1.587000131607055664e+00, 1.173252388834953308e-01, 6.683802008628845215e-01, 7.026161998510360718e-02
1.588000059127807617e+00, 1.169623285531997681e-01, 6.694054603576660156e-01, 7.004047185182571411e-02
1.589000105857849121e+00, 1.166006103157997131e-01, 6.704275608062744141e-01, 6.981962919235229492e-02
1.590000033378601074e+00, 1.162403300404548645e-01, 6.714468598365783691e-01, 6.960164010524749756e-02
1.591000080108642578e+00, 1.158808246254920959e-01, 6.724626421928405762e-01, 6.938255578279495239e-02
1.592000126838684082e+00, 1.155224516987800598e-01, 6.734753251075744629e-01, 6.916388869285583496e-02
1.593000054359436035e+00, 1.151654496788978577e-01, 6.744852066040039062e-01, 6.894808262586593628e-02
1.594000101089477539e+00, 1.148094907402992249e-01, 6.754919290542602539e-01, 6.873328983783721924e-02
1.595000028610229492e+00, 1.144543364644050598e-01, 6.764951944351196289e-01, 6.851699203252792358e-02
1.596000075340270996e+00, 1.141003295779228210e-01, 6.774954199790954590e-01, 6.830105185508728027e-02
1.597000122070312500e+00, 1.137477159500122070e-01, 6.784929037094116211e-01, 6.808795779943466187e-02
1.598000049591064453e+00, 1.133958548307418823e-01, 6.794868707656860352e-01, 6.787361949682235718e-02
1.599000096321105957e+00, 1.130451485514640808e-01, 6.804777979850769043e-01, 6.765954196453094482e-02
1.600000023841857910e+00, 1.126958429813385010e-01, 6.814659833908081055e-01, 6.744827330112457275e-02
1.601000070571899414e+00, 1.123475655913352966e-01, 6.824510693550109863e-01, 6.723798811435699463e-02
1.602000117301940918e+00, 1.120000556111335754e-01, 6.834327578544616699e-01, 6.702628731727600098e-02
1.603000044822692871e+00, 1.116536483168601990e-01, 6.844114661216735840e-01, 6.681498885154724121e-02
1.604000091552734375e+00, 1.113085821270942688e-01, 6.853875517845153809e-01, 6.660652160644531250e-02
1.605000019073486328e+00, 1.109645292162895203e-01, 6.863605976104736328e-01, 6.639903038740158081e-02
1.606000065803527832e+00, 1.106212511658668518e-01, 6.873302459716796875e-01, 6.619000434875488281e-02
1.607000112533569336e+00, 1.102790832519531250e-01, 6.882969141006469727e-01, 6.598129123449325562e-02
1.608000040054321289e+00, 1.099382340908050537e-01, 6.892609000205993652e-01, 6.577562540769577026e-02
1.609000086784362793e+00, 1.095973774790763855e-01, 6.902188062667846680e-01, 6.557170301675796509e-02
1.610000133514404297e+00, 1.092576310038566589e-01, 6.911737322807312012e-01, 6.536808609962463379e-02
1.611000061035156250e+00, 1.089199557900428772e-01, 6.921287178993225098e-01, 6.516427546739578247e-02
1.612000107765197754e+00, 1.085833013057708740e-01, 6.930807828903198242e-01, 6.496115773916244507e-02
1.613000035285949707e+00, 1.082476750016212463e-01, 6.940299272537231445e-01, 6.475872546434402466e-02
1.614000082015991211e+00, 1.079130768775939941e-01, 6.949761509895324707e-01, 6.455696374177932739e-02
1.615000128746032715e+00, 1.075795069336891174e-01, 6.959194540977478027e-01, 6.435585021972656250e-02
1.616000056266784668e+00, 1.072468832135200500e-01, 6.968597769737243652e-01, 6.415598094463348389e-02
1.617000102996826172e+00, 1.069151237607002258e-01, 6.977970600128173828e-01, 6.395793706178665161e-02
1.618000030517578125e+00, 1.065843850374221802e-01, 6.987313032150268555e-01, 6.375894695520401001e-02
1.619000077247619629e+00, 1.062548533082008362e-01, 6.996627449989318848e-01, 6.355932354927062988e-02
1.620000123977661133e+00, 1.059254556894302368e-01, 7.005884647369384766e-01, 6.336179375648498535e-02
1.621000051498413086e+00, 1.055970713496208191e-01, 7.015113234519958496e-01, 6.316487491130828857e-02
1.622000098228454590e+00, 1.052706763148307800e-01, 7.024343609809875488e-01, 6.296802312135696411e-02
1.623000025749206543e+00, 1.049452647566795349e-01, 7.033545374870300293e-01, 6.277182698249816895e-02
1.624000072479248047e+00, 1.046208441257476807e-01, 7.042718529701232910e-01, 6.257627159357070923e-02
1.625000119209289551e+00, 1.042974144220352173e-01, 7.051863074302673340e-01, 6.238134205341339111e-02
1.626000046730041504e+00, 1.039749756455421448e-01, 7.060979008674621582e-01, 6.218701601028442383e-02
1.627000093460083008e+00, 1.036535352468490601e-01, 7.070066332817077637e-01, 6.199327856302261353e-02
1.628000020980834961e+00, 1.033330112695693970e-01, 7.079124450683593750e-01, 6.180073320865631104e-02
1.629000067710876465e+00, 1.030133068561553955e-01, 7.088150978088378906e-01, 6.160725653171539307e-02
1.630000114440917969e+00, 1.026946976780891418e-01, 7.097149491310119629e-01, 6.141368299722671509e-02
1.631000041961669922e+00, 1.023771688342094421e-01, 7.106122374534606934e-01, 6.122282519936561584e-02
1.632000088691711426e+00, 1.020594462752342224e-01, 7.115037441253662109e-01, 6.103396415710449219e-02
1.633000135421752930e+00, 1.017427742481231689e-01, 7.123926281929016113e-01, 6.084513291716575623e-02
1.634000062942504883e+00, 1.014282181859016418e-01, 7.132818698883056641e-01, 6.065560504794120789e-02
1.635000109672546387e+00, 1.011146381497383118e-01, 7.141683697700500488e-01, 6.046666577458381653e-02
1.636000037193298340e+00, 1.008020341396331787e-01, 7.150521278381347656e-01, 6.027831882238388062e-02
1.637000083923339844e+00, 1.004903987050056458e-01, 7.159331440925598145e-01, 6.009054929018020630e-02
1.638000130653381348e+00, 1.001797392964363098e-01, 7.168114781379699707e-01, 5.990333855152130127e-02
1.639000058174133301e+00, 9.987006336450576782e-02, 7.176871299743652344e-01, 5.971667170524597168e-02
1.640000104904174805e+00, 9.956136345863342285e-02, 7.185600399971008301e-01, 5.953053012490272522e-02
1.641000032424926758e+00, 9.925361722707748413e-02, 7.194302678108215332e-01, 5.934496968984603882e-02
1.642000079154968262e+00, 9.894672036170959473e-02, 7.202977538108825684e-01, 5.916070193052291870e-02
1.643000125885009766e+00, 9.864058345556259155e-02, 7.211623191833496094e-01, 5.897561833262443542e-02
1.644000053405761719e+00, 9.833547472953796387e-02, 7.220243215560913086e-01, 5.879051238298416138e-02
1.645000100135803223e+00, 9.803139418363571167e-02, 7.228838205337524414e-01, 5.860808119177818298e-02
1.646000027656555176e+00, 9.772710502147674561e-02, 7.237375378608703613e-01, 5.842758715152740479e-02
1.647000074386596680e+00, 9.742384403944015503e-02, 7.245886921882629395e-01, 5.824702233076095581e-02
1.648000121116638184e+00, 9.712266921997070312e-02, 7.254403233528137207e-01, 5.806560441851615906e-02
1.649000048637390137e+00, 9.682243317365646362e-02, 7.262892723083496094e-01, 5.788468569517135620e-02
1.650000095367431641e+00, 9.652314335107803345e-02, 7.271355390548706055e-01, 5.770426988601684570e-02
1.651000022888183594e+00, 9.622477740049362183e-02, 7.279792428016662598e-01, 5.752441659569740295e-02
1.652000069618225098e+00, 9.592731297016143799e-02, 7.288203835487365723e-01, 5.734518542885780334e-02
1.653000116348266602e+00, 9.563075751066207886e-02, 7.296589016914367676e-01, 5.716655775904655457e-02
1.654000043869018555e+00, 9.533511102199554443e-02, 7.304948568344116211e-01, 5.698851868510246277e-02
1.655000090599060059e+00, 9.504037350416183472e-02, 7.313282489776611328e-01, 5.681104958057403564e-02
1.656000137329101562e+00, 9.474654495716094971e-02, 7.321590185165405273e-01, 5.663413554430007935e-02
1.657000064849853516e+00, 9.445363283157348633e-02, 7.329872250556945801e-01, 5.645776167511940002e-02
1.658000111579895020e+00, 9.416057169437408447e-02, 7.338098287582397461e-01, 5.628272518515586853e-02
1.659000039100646973e+00, 9.386841952800750732e-02, 7.346298694610595703e-01, 5.610819533467292786e-02
1.660000085830688477e+00, 9.357824921607971191e-02, 7.354503870010375977e-01, 5.593333765864372253e-02
1.661000132560729980e+00, 9.328898042440414429e-02, 7.362683415412902832e-01, 5.575902387499809265e-02
1.662000060081481934e+00, 9.300059080123901367e-02, 7.370837926864624023e-01, 5.558531358838081360e-02
1.663000106811523438e+00, 9.271308034658432007e-02, 7.378967404365539551e-01, 5.541218817234039307e-02
1.664000034332275391e+00, 9.242655336856842041e-02, 7.387071847915649414e-01, 5.524010956287384033e-02
1.665000081062316895e+00, 9.214090555906295776e-02, 7.395151257514953613e-01, 5.506861209869384766e-02
1.666000127792358398e+00, 9.185614436864852905e-02, 7.403205633163452148e-01, 5.489763617515563965e-02
1.667000055313110352e+00, 9.157226979732513428e-02, 7.411234974861145020e-01, 5.472718179225921631e-02
1.668000102043151855e+00, 9.128927439451217651e-02, 7.419239282608032227e-01, 5.455721914768218994e-02
1.669000029563903809e+00, 9.100728482007980347e-02, 7.427217960357666016e-01, 5.438946187496185303e-02
1.670000076293945312e+00, 9.072607755661010742e-02, 7.435172200202941895e-01, 5.422176793217658997e-02
1.671000123023986816e+00, 9.044535458087921143e-02, 7.443099021911621094e-01, 5.405081436038017273e-02
1.672000050544738770e+00, 9.016553312540054321e-02, 7.451001405715942383e-01, 5.388014391064643860e-02
1.673000097274780273e+00, 8.988689631223678589e-02, 7.458882927894592285e-01, 5.371318385004997253e-02
1.674000024795532227e+00, 8.960893005132675171e-02, 7.466739416122436523e-01, 5.354805663228034973e-02
1.675000071525573730e+00, 8.933282643556594849e-02, 7.474552392959594727e-01, 5.337926745414733887e-02
1.676000118255615234e+00, 8.905613422393798828e-02, 7.482305169105529785e-01, 5.321122705936431885e-02
1.677000045776367188e+00, 8.877921849489212036e-02, 7.490053176879882812e-01, 5.304681509733200073e-02
1.678000092506408691e+00, 8.850473910570144653e-02, 7.497813701629638672e-01, 5.288164317607879639e-02
1.679000139236450195e+00, 8.823111653327941895e-02, 7.505550384521484375e-01, 5.271692574024200439e-02
1.680000066757202148e+00, 8.795835077762603760e-02, 7.513262629508972168e-01, 5.255266651511192322e-02
1.681000113487243652e+00, 8.768642693758010864e-02, 7.520951032638549805e-01, 5.238891392946243286e-02
1.682000041007995605e+00, 8.741533011198043823e-02, 7.528616189956665039e-01, 5.222572758793830872e-02
1.683000087738037109e+00, 8.714517205953598022e-02, 7.536257505416870117e-01, 5.206358805298805237e-02
1.684000134468078613e+00, 8.687584102153778076e-02, 7.543875575065612793e-01, 5.190201476216316223e-02
1.685000061988830566e+00, 8.660723268985748291e-02, 7.551470398902893066e-01, 5.174047127366065979e-02
1.686000108718872070e+00, 8.634051680564880371e-02, 7.559020519256591797e-01, 5.157691240310668945e-02
1.687000036239624023e+00, 8.607462793588638306e-02, 7.566547393798828125e-01, 5.141387134790420532e-02
1.688000082969665527e+00, 8.580850809812545776e-02, 7.574071884155273438e-01, 5.125380679965019226e-02
1.689000129699707031e+00, 8.554322272539138794e-02, 7.581572532653808594e-01, 5.109418183565139771e-02
1.690000057220458984e+00, 8.527877181768417358e-02, 7.589049935340881348e-01, 5.093500390648841858e-02
1.691000103950500488e+00, 8.501513302326202393e-02, 7.596504092216491699e-01, 5.077632516622543335e-02
1.692000031471252441e+00, 8.475229144096374512e-02, 7.603935003280639648e-01, 5.061819404363632202e-02
1.693000078201293945e+00, 8.449025452136993408e-02, 7.611343264579772949e-01, 5.046059563755989075e-02
1.694000124931335449e+00, 8.422912657260894775e-02, 7.618728876113891602e-01, 5.030400678515434265e-02
1.695000052452087402e+00, 8.396880328655242920e-02, 7.626091837882995605e-01, 5.014795064926147461e-02
1.696000099182128906e+00, 8.370921015739440918e-02, 7.633431553840637207e-01, 4.999328032135963440e-02
1.697000026702880859e+00, 8.345022797584533691e-02, 7.640746235847473145e-01, 4.983762651681900024e-02
1.698000073432922363e+00, 8.319342136383056641e-02, 7.648020982742309570e-01, 4.967635869979858398e-02
1.699000120162963867e+00, 8.293753117322921753e-02, 7.655274868011474609e-01, 4.951761290431022644e-02
1.700000047683715820e+00, 8.268086612224578857e-02, 7.662522792816162109e-01, 4.936523362994194031e-02
1.701000094413757324e+00, 8.242496103048324585e-02, 7.669746875762939453e-01, 4.921172559261322021e-02
1.702000021934509277e+00, 8.216998726129531860e-02, 7.676949501037597656e-01, 4.905771091580390930e-02
1.703000068664550781e+00, 8.191580325365066528e-02, 7.684131264686584473e-01, 4.890592396259307861e-02
1.704000115394592285e+00, 8.166242390871047974e-02, 7.691290974617004395e-01, 4.875444248318672180e-02
1.705000042915344238e+00, 8.140964806079864502e-02, 7.698425650596618652e-01, 4.860057681798934937e-02
1.706000089645385742e+00, 8.115771412849426270e-02, 7.705538868904113770e-01, 4.844677075743675232e-02
1.707000136375427246e+00, 8.090681582689285278e-02, 7.712633609771728516e-01, 4.829567298293113708e-02
1.708000063896179199e+00, 8.065653592348098755e-02, 7.719705104827880859e-01, 4.814606904983520508e-02
1.709000110626220703e+00, 8.040699362754821777e-02, 7.726753354072570801e-01, 4.799865186214447021e-02
1.710000038146972656e+00, 8.015831559896469116e-02, 7.733780145645141602e-01, 4.785106703639030457e-02
1.711000084877014160e+00, 7.991045713424682617e-02, 7.740786075592041016e-01, 4.770208522677421570e-02
1.712000131607055664e+00, 7.966393977403640747e-02, 7.747743129730224609e-01, 4.754984378814697266e-02
1.713000059127807617e+00, 7.941811531782150269e-02, 7.754678726196289062e-01, 4.739859327673912048e-02
1.714000105857849121e+00, 7.917246967554092407e-02, 7.761620879173278809e-01, 4.725158587098121643e-02
1.715000033378601074e+00, 7.892765104770660400e-02, 7.768542170524597168e-01, 4.710456356406211853e-02
1.716000080108642578e+00, 7.868349552154541016e-02, 7.775441408157348633e-01, 4.695864394307136536e-02
1.717000126838684082e+00, 7.844009995460510254e-02, 7.782319188117980957e-01, 4.681316390633583069e-02
1.718000054359436035e+00, 7.819755375385284424e-02, 7.789176106452941895e-01, 4.666744172573089600e-02
1.719000101089477539e+00, 7.795464247465133667e-02, 7.795979976654052734e-01, 4.652316123247146606e-02
1.720000028610229492e+00, 7.771263271570205688e-02, 7.802762389183044434e-01, 4.637990519404411316e-02
1.721000075340270996e+00, 7.747248560190200806e-02, 7.809555530548095703e-01, 4.623612388968467712e-02
1.722000122070312500e+00, 7.723293453454971313e-02, 7.816327810287475586e-01, 4.609223827719688416e-02
1.723000049591064453e+00, 7.699520140886306763e-02, 7.823056578636169434e-01, 4.594638198614120483e-02
1.724000096321105957e+00, 7.675819844007492065e-02, 7.829764485359191895e-01, 4.580102115869522095e-02
1.725000023841857910e+00, 7.652085274457931519e-02, 7.836474180221557617e-01, 4.565854743123054504e-02
1.726000070571899414e+00, 7.628424465656280518e-02, 7.843163609504699707e-01, 4.551649838685989380e-02
1.727000117301940918e+00, 7.604836672544479370e-02, 7.849832177162170410e-01, 4.537488520145416260e-02
1.728000044822692871e+00, 7.581321895122528076e-02, 7.856479883193969727e-01, 4.523369297385215759e-02
1.729000091552734375e+00, 7.557880133390426636e-02, 7.863107323646545410e-01, 4.509291052818298340e-02
1.730000138282775879e+00, 7.534512132406234741e-02, 7.869713902473449707e-01, 4.495252668857574463e-02
1.731000065803527832e+00, 7.511216402053833008e-02, 7.876299619674682617e-01, 4.481257870793342590e-02
1.732000112533569336e+00, 7.487991452217102051e-02, 7.882865071296691895e-01, 4.467310756444931030e-02
1.733000040054321289e+00, 7.464838027954101562e-02, 7.889410853385925293e-01, 4.453410580754280090e-02
1.734000086784362793e+00, 7.441755384206771851e-02, 7.895936965942382812e-01, 4.439556598663330078e-02
1.735000133514404297e+00, 7.418745756149291992e-02, 7.902442216873168945e-01, 4.425889998674392700e-02
1.736000061035156250e+00, 7.395807653665542603e-02, 7.908927202224731445e-01, 4.412271454930305481e-02
1.737000107765197754e+00, 7.372938096523284912e-02, 7.915392518043518066e-01, 4.398552700877189636e-02
1.738000035285949707e+00, 7.350248843431472778e-02, 7.921814322471618652e-01, 4.384631291031837463e-02
1.739000082015991211e+00, 7.327470928430557251e-02, 7.928175330162048340e-01, 4.370917752385139465e-02
1.740000128746032715e+00, 7.304654270410537720e-02, 7.934539914131164551e-01, 4.357484355568885803e-02
1.741000056266784668e+00, 7.282067090272903442e-02, 7.940925359725952148e-01, 4.343925416469573975e-02
1.742000102996826172e+00, 7.259548455476760864e-02, 7.947291135787963867e-01, 4.330411180853843689e-02
1.743000030517578125e+00, 7.237099111080169678e-02, 7.953637838363647461e-01, 4.316942393779754639e-02
1.744000077247619629e+00, 7.214719057083129883e-02, 7.959964871406555176e-01, 4.303517565131187439e-02
1.745000123977661133e+00, 7.192407548427581787e-02, 7.966272234916687012e-01, 4.290135949850082397e-02
1.746000051498413086e+00, 7.170165330171585083e-02, 7.972560524940490723e-01, 4.276796057820320129e-02
1.747000098228454590e+00, 7.147992402315139771e-02, 7.978829145431518555e-01, 4.263496771454811096e-02
1.748000025749206543e+00, 7.125888019800186157e-02, 7.985078096389770508e-01, 4.250237345695495605e-02
1.749000072479248047e+00, 7.103852182626724243e-02, 7.991307973861694336e-01, 4.237016662955284119e-02
1.750000119209289551e+00, 7.081884890794754028e-02, 7.997518181800842285e-01, 4.223833605647087097e-02
1.751000046730041504e+00, 7.059997320175170898e-02, 8.003708720207214355e-01, 4.210743680596351624e-02
1.752000093460083008e+00, 7.038176804780960083e-02, 8.009880781173706055e-01, 4.197700694203376770e-02
1.753000140190124512e+00, 7.016411423683166504e-02, 8.016034364700317383e-01, 4.184649139642715454e-02
1.754000067710876465e+00, 6.994725018739700317e-02, 8.022168874740600586e-01, 4.171688482165336609e-02
1.755000114440917969e+00, 6.973117589950561523e-02, 8.028281927108764648e-01, 4.158665984869003296e-02
1.756000041961669922e+00, 6.951565295457839966e-02, 8.034375905990600586e-01, 4.145635664463043213e-02
1.757000088691711426e+00, 6.930079311132431030e-02, 8.040453195571899414e-01, 4.132796078920364380e-02
1.758000135421752930e+00, 6.908671557903289795e-02, 8.046509027481079102e-01, 4.119883850216865540e-02
1.759000062942504883e+00, 6.887318938970565796e-02, 8.052545785903930664e-01, 4.106963798403739929e-02
1.760000109672546387e+00, 6.866032630205154419e-02, 8.058565855026245117e-01, 4.094234853982925415e-02
1.761000037193298340e+00, 6.844825297594070435e-02, 8.064565062522888184e-01, 4.081425815820693970e-02
1.762000083923339844e+00, 6.823671609163284302e-02, 8.070546388626098633e-01, 4.068616777658462524e-02
1.763000130653381348e+00, 6.802580505609512329e-02, 8.076511621475219727e-01, 4.056013375520706177e-02
1.764000058174133301e+00, 6.781554222106933594e-02, 8.082458376884460449e-01, 4.043451324105262756e-02
1.765000104904174805e+00, 6.760582327842712402e-02, 8.088387250900268555e-01, 4.030884057283401489e-02
1.766000032424926758e+00, 6.739786267280578613e-02, 8.094273805618286133e-01, 4.018119350075721741e-02
1.767000079154968262e+00, 6.719035655260086060e-02, 8.100140690803527832e-01, 4.005526751279830933e-02
1.768000125885009766e+00, 6.698239594697952271e-02, 8.106012344360351562e-01, 3.993191942572593689e-02
1.769000053405761719e+00, 6.677527725696563721e-02, 8.111866116523742676e-01, 3.980744257569313049e-02
1.770000100135803223e+00, 6.656880676746368408e-02, 8.117702007293701172e-01, 3.968331590294837952e-02
1.771000027656555176e+00, 6.636271625757217407e-02, 8.123517036437988281e-01, 3.955758363008499146e-02
1.772000074386596680e+00, 6.615728884935379028e-02, 8.129314780235290527e-01, 3.943212702870368958e-02
1.773000121116638184e+00, 6.595274806022644043e-02, 8.135098218917846680e-01, 3.930924087762832642e-02
1.774000048637390137e+00, 6.574869900941848755e-02, 8.140863180160522461e-01, 3.918772563338279724e-02
1.775000095367431641e+00, 6.554527580738067627e-02, 8.146610260009765625e-01, 3.906657919287681580e-02
1.776000142097473145e+00, 6.534257531166076660e-02, 8.152340054512023926e-01, 3.894512355327606201e-02
1.777000069618225098e+00, 6.514050066471099854e-02, 8.158052563667297363e-01, 3.882405534386634827e-02
1.778000116348266602e+00, 6.493905186653137207e-02, 8.163747787475585938e-01, 3.870336338877677917e-02
1.779000043869018555e+00, 6.473813205957412720e-02, 8.169424533843994141e-01, 3.858369216322898865e-02
1.780000090599060059e+00, 6.453783810138702393e-02, 8.175083398818969727e-01, 3.846434503793716431e-02
1.781000137329101562e+00, 6.433825939893722534e-02, 8.180724978446960449e-01, 3.834468871355056763e-02
1.782000064849853516e+00, 6.413903087377548218e-02, 8.186345696449279785e-01, 3.822342678904533386e-02
1.783000111579895020e+00, 6.394063681364059448e-02, 8.191949129104614258e-01, 3.810329362750053406e-02
1.784000039100646973e+00, 6.374305486679077148e-02, 8.197538852691650391e-01, 3.798602893948554993e-02
1.785000085830688477e+00, 6.354586035013198853e-02, 8.203111290931701660e-01, 3.786841034889221191e-02
1.786000132560729980e+00, 6.334933638572692871e-02, 8.208666443824768066e-01, 3.775068745017051697e-02
1.787000060081481934e+00, 6.315357983112335205e-02, 8.214200735092163086e-01, 3.763178363442420959e-02
1.788000106811523438e+00, 6.295823305845260620e-02, 8.219716548919677734e-01, 3.751459345221519470e-02
1.789000034332275391e+00, 6.276334077119827271e-02, 8.225218653678894043e-01, 3.739916533231735229e-02
1.790000081062316895e+00, 6.256925314664840698e-02, 8.230704069137573242e-01, 3.728257864713668823e-02
1.791000127792358398e+00, 6.237588077783584595e-02, 8.236172199249267578e-01, 3.716687858104705811e-02
1.792000055313110352e+00, 6.218310073018074036e-02, 8.241624236106872559e-01, 3.705168887972831726e-02
1.793000102043151855e+00, 6.199052929878234863e-02, 8.247056603431701660e-01, 3.693440183997154236e-02
1.794000029563903809e+00, 6.179858744144439697e-02, 8.252472877502441406e-01, 3.681728988885879517e-02
1.795000076293945312e+00, 6.160868331789970398e-02, 8.257851004600524902e-01, 3.670006245374679565e-02
1.796000123023986816e+00, 6.141917034983634949e-02, 8.263211250305175781e-01, 3.658454120159149170e-02
1.797000050544738770e+00, 6.122906506061553955e-02, 8.268579840660095215e-01, 3.647187724709510803e-02
1.798000097274780273e+00, 6.103971228003501892e-02, 8.273932337760925293e-01, 3.635837137699127197e-02
1.799000144004821777e+00, 6.085094437003135681e-02, 8.279268145561218262e-01, 3.624521940946578979e-02
1.800000071525573730e+00, 6.066276133060455322e-02, 8.284587264060974121e-01, 3.613243997097015381e-02
1.801000118255615234e+00, 6.047515943646430969e-02, 8.289890289306640625e-01, 3.602007031440734863e-02
1.802000045776367188e+00, 6.028813123703002930e-02, 8.295177221298217773e-01, 3.590811416506767273e-02
1.803000092506408691e+00, 6.010157614946365356e-02, 8.300447463989257812e-01, 3.579722717404365540e-02
1.804000139236450195e+00, 5.991559848189353943e-02, 8.305701613426208496e-01, 3.568667545914649963e-02
1.805000066757202148e+00, 5.973029509186744690e-02, 8.310939669609069824e-01, 3.557574748992919922e-02
1.806000113487243652e+00, 5.954556167125701904e-02, 8.316161632537841797e-01, 3.546517342329025269e-02
1.807000041007995605e+00, 5.936114117503166199e-02, 8.321364521980285645e-01, 3.535295650362968445e-02
1.808000087738037109e+00, 5.917732790112495422e-02, 8.326551318168640137e-01, 3.524086624383926392e-02
1.809000134468078613e+00, 5.899428203701972961e-02, 8.331725001335144043e-01, 3.513155505061149597e-02
1.810000061988830566e+00, 5.881160870194435120e-02, 8.336881399154663086e-01, 3.502388298511505127e-02
1.811000108718872070e+00, 5.862956121563911438e-02, 8.342021703720092773e-01, 3.491604328155517578e-02
1.812000036239624023e+00, 5.844823271036148071e-02, 8.347147107124328613e-01, 3.480741381645202637e-02
1.813000082969665527e+00, 5.826745927333831787e-02, 8.352257013320922852e-01, 3.469919040799140930e-02
1.814000129699707031e+00, 5.808723717927932739e-02, 8.357351422309875488e-01, 3.459138423204421997e-02
1.815000057220458984e+00, 5.790757015347480774e-02, 8.362430334091186523e-01, 3.448396548628807068e-02
1.816000103950500488e+00, 5.772858113050460815e-02, 8.367493152618408203e-01, 3.437739238142967224e-02
1.817000031471252441e+00, 5.755014345049858093e-02, 8.372539877891540527e-01, 3.427115455269813538e-02
1.818000078201293945e+00, 5.737213417887687683e-02, 8.377571105957031250e-01, 3.416473791003227234e-02
1.819000124931335449e+00, 5.719459429383277893e-02, 8.382586240768432617e-01, 3.405917435884475708e-02
1.820000052452087402e+00, 5.701741576194763184e-02, 8.387582898139953613e-01, 3.395233303308486938e-02
1.821000099182128906e+00, 5.684104934334754944e-02, 8.392564058303833008e-01, 3.384594246745109558e-02
1.822000145912170410e+00, 5.666549131274223328e-02, 8.397530913352966309e-01, 3.374074399471282959e-02
1.823000073432922363e+00, 5.649029091000556946e-02, 8.402483463287353516e-01, 3.363522887229919434e-02
1.824000120162963867e+00, 5.631555616855621338e-02, 8.407422900199890137e-01, 3.353079408407211304e-02
1.825000047683715820e+00, 5.614124983549118042e-02, 8.412346243858337402e-01, 3.342745080590248108e-02
1.826000094413757324e+00, 5.596748366951942444e-02, 8.417254090309143066e-01, 3.332439064979553223e-02
1.827000141143798828e+00, 5.579458177089691162e-02, 8.422142267227172852e-01, 3.321878984570503235e-02
1.828000068664550781e+00, 5.562217906117439270e-02, 8.427015542984008789e-01, 3.311342000961303711e-02
1.829000115394592285e+00, 5.545017123222351074e-02, 8.431878089904785156e-01, 3.301075845956802368e-02
1.830000042915344238e+00, 5.527873337268829346e-02, 8.436725139617919922e-01, 3.290853649377822876e-02
1.831000089645385742e+00, 5.510753765702247620e-02, 8.441553711891174316e-01, 3.280456736683845520e-02
1.832000136375427246e+00, 5.493712052702903748e-02, 8.446367383003234863e-01, 3.270181640982627869e-02
1.833000063896179199e+00, 5.476737767457962036e-02, 8.451169729232788086e-01, 3.260165080428123474e-02
1.834000110626220703e+00, 5.459791049361228943e-02, 8.455957174301147461e-01, 3.250088915228843689e-02
1.835000038146972656e+00, 5.442903563380241394e-02, 8.460730314254760742e-01, 3.239990770816802979e-02
1.836000084877014160e+00, 5.426057800650596619e-02, 8.465488553047180176e-01, 3.229998797178268433e-02
1.837000131607055664e+00, 5.409264564514160156e-02, 8.470231890678405762e-01, 3.220037743449211121e-02
1.838000059127807617e+00, 5.392533913254737854e-02, 8.474960923194885254e-01, 3.210029006004333496e-02
1.839000105857849121e+00, 5.375875160098075867e-02, 8.479670882225036621e-01, 3.199852630496025085e-02
1.840000033378601074e+00, 5.359265580773353577e-02, 8.484365940093994141e-01, 3.189701959490776062e-02
1.841000080108642578e+00, 5.342686921358108521e-02, 8.489050865173339844e-01, 3.179782629013061523e-02
1.842000126838684082e+00, 5.326161906123161316e-02, 8.493722081184387207e-01, 3.169905394315719604e-02
1.843000054359436035e+00, 5.309677869081497192e-02, 8.498378992080688477e-01, 3.160131722688674927e-02
1.844000101089477539e+00, 5.293254554271697998e-02, 8.503021001815795898e-01, 3.150426223874092102e-02
1.845000028610229492e+00, 5.276892334222793579e-02, 8.507648706436157227e-01, 3.140680119395256042e-02
1.846000075340270996e+00, 5.260545015335083008e-02, 8.512258529663085938e-01, 3.130725026130676270e-02
1.847000122070312500e+00, 5.244252085685729980e-02, 8.516854643821716309e-01, 3.120775148272514343e-02
1.848000049591064453e+00, 5.228035151958465576e-02, 8.521440625190734863e-01, 3.111059777438640594e-02
1.849000096321105957e+00, 5.211854353547096252e-02, 8.526011705398559570e-01, 3.101467527449131012e-02
1.850000143051147461e+00, 5.195733904838562012e-02, 8.530567884445190430e-01, 3.091936931014060974e-02
1.851000070571899414e+00, 5.179673433303833008e-02, 8.535110354423522949e-01, 3.082366846501827240e-02
1.852000117301940918e+00, 5.163652449846267700e-02, 8.539639115333557129e-01, 3.072791174054145813e-02
1.853000044822692871e+00, 5.147701874375343323e-02, 8.544149398803710938e-01, 3.063045069575309753e-02
1.854000091552734375e+00, 5.131796747446060181e-02, 8.548645973205566406e-01, 3.053317964076995850e-02
1.855000138282775879e+00, 5.115927383303642273e-02, 8.553133010864257812e-01, 3.043854050338268280e-02
1.856000065803527832e+00, 5.100111290812492371e-02, 8.557606339454650879e-01, 3.034435026347637177e-02
1.857000112533569336e+00, 5.084339529275894165e-02, 8.562062978744506836e-01, 3.025198727846145630e-02
1.858000040054321289e+00, 5.068616569042205811e-02, 8.566505312919616699e-01, 3.015993908047676086e-02
1.859000086784362793e+00, 5.052939429879188538e-02, 8.570936918258666992e-01, 3.006632998585700989e-02
1.860000133514404297e+00, 5.037310719490051270e-02, 8.575354814529418945e-01, 2.997294813394546509e-02
1.861000061035156250e+00, 5.021730437874794006e-02, 8.579759001731872559e-01, 2.987985871732234955e-02
1.862000107765197754e+00, 5.006198212504386902e-02, 8.584150075912475586e-01, 2.978707663714885712e-02
1.863000035285949707e+00, 4.990688338875770569e-02, 8.588523864746093750e-01, 2.969265729188919067e-02
1.864000082015991211e+00, 4.975229874253273010e-02, 8.592883944511413574e-01, 2.959833666682243347e-02
1.865000128746032715e+00, 4.959966242313385010e-02, 8.597207069396972656e-01, 2.950379624962806702e-02
1.866000056266784668e+00, 4.944729804992675781e-02, 8.601515889167785645e-01, 2.941090986132621765e-02
1.867000102996826172e+00, 4.929419606924057007e-02, 8.605837821960449219e-01, 2.932064421474933624e-02
1.868000030517578125e+00, 4.914173856377601624e-02, 8.610146641731262207e-01, 2.922934852540493011e-02
1.869000077247619629e+00, 4.898975044488906860e-02, 8.614442348480224609e-01, 2.913830243051052094e-02
1.870000123977661133e+00, 4.883823171257972717e-02, 8.618724942207336426e-01, 2.904753014445304871e-02
1.871000051498413086e+00, 4.868718236684799194e-02, 8.622994422912597656e-01, 2.895707823336124420e-02
1.872000098228454590e+00, 4.853649064898490906e-02, 8.627250790596008301e-01, 2.886779978871345520e-02
1.873000144958496094e+00, 4.838626086711883545e-02, 8.631494045257568359e-01, 2.877887897193431854e-02
1.874000072479248047e+00, 4.823660105466842651e-02, 8.635724186897277832e-01, 2.868946827948093414e-02
1.875000119209289551e+00, 4.808739945292472839e-02, 8.639941811561584473e-01, 2.860036306083202362e-02
1.876000046730041504e+00, 4.793865606188774109e-02, 8.644146919250488281e-01, 2.851158194243907928e-02
1.877000093460083008e+00, 4.779037460684776306e-02, 8.648338913917541504e-01, 2.842309325933456421e-02
1.878000140190124512e+00, 4.764255136251449585e-02, 8.652517795562744141e-01, 2.833486907184123993e-02
1.879000067710876465e+00, 4.749518260359764099e-02, 8.656683564186096191e-01, 2.824690751731395721e-02
1.880000114440917969e+00, 4.734826833009719849e-02, 8.660836219787597656e-01, 2.815921418368816376e-02
1.881000041961669922e+00, 4.720170423388481140e-02, 8.664975762367248535e-01, 2.807251550257205963e-02
1.882000088691711426e+00, 4.705544188618659973e-02, 8.669100403785705566e-01, 2.798478491604328156e-02
1.883000135421752930e+00, 4.690973833203315735e-02, 8.673212528228759766e-01, 2.789658494293689728e-02
1.884000062942504883e+00, 4.676463827490806580e-02, 8.677313923835754395e-01, 2.780991978943347931e-02
1.885000109672546387e+00, 4.661998525261878967e-02, 8.681402802467346191e-01, 2.772352099418640137e-02
1.886000037193298340e+00, 4.647577926516532898e-02, 8.685479164123535156e-01, 2.763741277158260345e-02
1.887000083923339844e+00, 4.633202031254768372e-02, 8.689543008804321289e-01, 2.755158208310604095e-02
1.888000130653381348e+00, 4.618870466947555542e-02, 8.693594336509704590e-01, 2.746602147817611694e-02
1.889000058174133301e+00, 4.604583233594894409e-02, 8.697633147239685059e-01, 2.738072164356708527e-02
1.890000104904174805e+00, 4.590340331196784973e-02, 8.701659440994262695e-01, 2.729567512869834900e-02
1.891000032424926758e+00, 4.576130956411361694e-02, 8.705672621726989746e-01, 2.721163816750049591e-02
1.892000079154968262e+00, 4.561965540051460266e-02, 8.709673285484313965e-01, 2.712785452604293823e-02
1.893000125885009766e+00, 4.547854512929916382e-02, 8.713662028312683105e-01, 2.704356051981449127e-02
1.894000053405761719e+00, 4.533787071704864502e-02, 8.717638850212097168e-01, 2.695953287184238434e-02
1.895000100135803223e+00, 4.519737884402275085e-02, 8.721599578857421875e-01, 2.687388844788074493e-02
1.896000146865844727e+00, 4.505735263228416443e-02, 8.725548386573791504e-01, 2.678832039237022400e-02
1.897000074386596680e+00, 4.491793736815452576e-02, 8.729488849639892578e-01, 2.670545689761638641e-02
1.898000121116638184e+00, 4.477902874350547791e-02, 8.733416199684143066e-01, 2.662349306046962738e-02
1.899000048637390137e+00, 4.464062303304672241e-02, 8.737331032752990723e-01, 2.654126286506652832e-02
1.900000095367431641e+00, 4.450253769755363464e-02, 8.741233944892883301e-01, 2.645882405340671539e-02
1.901000142097473145e+00, 4.436487704515457153e-02, 8.745124936103820801e-01, 2.637662738561630249e-02
1.902000069618225098e+00, 4.422764107584953308e-02, 8.749004006385803223e-01, 2.629473246634006500e-02
1.903000116348266602e+00, 4.409082978963851929e-02, 8.752871751785278320e-01, 2.621312998235225677e-02
1.904000043869018555e+00, 4.395444318652153015e-02, 8.756728172302246094e-01, 2.613179758191108704e-02
1.905000090599060059e+00, 4.381860420107841492e-02, 8.760572075843811035e-01, 2.605126053094863892e-02
1.906000137329101562e+00, 4.368318617343902588e-02, 8.764404058456420898e-01, 2.597100846469402313e-02
1.907000064849853516e+00, 4.354806244373321533e-02, 8.768224716186523438e-01, 2.589046396315097809e-02
1.908000111579895020e+00, 4.341325163841247559e-02, 8.772032856941223145e-01, 2.581083402037620544e-02
1.909000039100646973e+00, 4.327885806560516357e-02, 8.775828480720520020e-01, 2.573140338063240051e-02
1.910000085830688477e+00, 4.314498603343963623e-02, 8.779612183570861816e-01, 2.565143257379531860e-02
1.911000132560729980e+00, 4.301152750849723816e-02, 8.783384561538696289e-01, 2.557170018553733826e-02
1.912000060081481934e+00, 4.287969321012496948e-02, 8.787117004394531250e-01, 2.549002319574356079e-02
1.913000106811523438e+00, 4.274826869368553162e-02, 8.790838122367858887e-01, 2.540867030620574951e-02
1.914000034332275391e+00, 4.261593148112297058e-02, 8.794575929641723633e-01, 2.533058635890483856e-02
1.915000081062316895e+00, 4.248400777578353882e-02, 8.798301815986633301e-01, 2.525269426405429840e-02
1.916000127792358398e+00, 4.235260188579559326e-02, 8.802016377449035645e-01, 2.517424710094928741e-02
1.917000055313110352e+00, 4.222159832715988159e-02, 8.805719614028930664e-01, 2.509602904319763184e-02
1.918000102043151855e+00, 4.209100082516670227e-02, 8.809411525726318359e-01, 2.501806803047657013e-02
1.919000148773193359e+00, 4.196080937981605530e-02, 8.813092112541198730e-01, 2.494036033749580383e-02
1.920000076293945312e+00, 4.183076694607734680e-02, 8.816757202148437500e-01, 2.486105263233184814e-02
1.921000123023986816e+00, 4.170114174485206604e-02, 8.820410966873168945e-01, 2.478193677961826324e-02
1.922000050544738770e+00, 4.157216474413871765e-02, 8.824057579040527344e-01, 2.470494806766510010e-02
1.923000097274780273e+00, 4.144356399774551392e-02, 8.827692866325378418e-01, 2.462830767035484314e-02
1.924000144004821777e+00, 4.131535813212394714e-02, 8.831317424774169922e-01, 2.455193363130092621e-02
1.925000071525573730e+00, 4.118742793798446655e-02, 8.834930062294006348e-01, 2.447661198675632477e-02
1.926000118255615234e+00, 4.105989634990692139e-02, 8.838530778884887695e-01, 2.440144680440425873e-02
1.927000045776367188e+00, 4.093287885189056396e-02, 8.842120766639709473e-01, 2.432562410831451416e-02
1.928000092506408691e+00, 4.080625250935554504e-02, 8.845699429512023926e-01, 2.425003424286842346e-02
1.929000139236450195e+00, 4.068001732230186462e-02, 8.849266767501831055e-01, 2.417468652129173279e-02
1.930000066757202148e+00, 4.055416956543922424e-02, 8.852823376655578613e-01, 2.409957349300384521e-02
1.931000113487243652e+00, 4.042870923876762390e-02, 8.856369256973266602e-01, 2.402470260858535767e-02
1.932000041007995605e+00, 4.030363634228706360e-02, 8.859904408454895020e-01, 2.395009435713291168e-02
1.933000087738037109e+00, 4.017895087599754333e-02, 8.863428831100463867e-01, 2.387575805187225342e-02
1.934000134468078613e+00, 4.005465283989906311e-02, 8.866942524909973145e-01, 2.380168810486793518e-02
1.935000061988830566e+00, 3.993073850870132446e-02, 8.870445489883422852e-01, 2.372787706553936005e-02
1.936000108718872070e+00, 3.980720788240432739e-02, 8.873937726020812988e-01, 2.365430630743503571e-02
1.937000036239624023e+00, 3.968406096100807190e-02, 8.877419233322143555e-01, 2.358096465468406677e-02
1.938000082969665527e+00, 3.956129401922225952e-02, 8.880890011787414551e-01, 2.350784838199615479e-02
1.939000129699707031e+00, 3.943890705704689026e-02, 8.884350061416625977e-01, 2.343494631350040436e-02
1.940000057220458984e+00, 3.931690007448196411e-02, 8.887799382209777832e-01, 2.336225286126136780e-02
1.941000103950500488e+00, 3.919516876339912415e-02, 8.891237378120422363e-01, 2.329049631953239441e-02
1.942000150680541992e+00, 3.907381743192672729e-02, 8.894664049148559570e-01, 2.321891859173774719e-02
1.943000078201293945e+00, 3.895294666290283203e-02, 8.898080587387084961e-01, 2.314677461981773376e-02
1.944000124931335449e+00, 3.883244842290878296e-02, 8.901486992835998535e-01, 2.307484112679958344e-02
1.945000052452087402e+00, 3.871232271194458008e-02, 8.904882669448852539e-01, 2.300314605236053467e-02
1.946000099182128906e+00, 3.859256953001022339e-02, 8.908267617225646973e-01, 2.293168194591999054e-02
1.947000145912170410e+00, 3.847318887710571289e-02, 8.911642432212829590e-01, 2.286044321954250336e-02
1.948000073432922363e+00, 3.835417702794075012e-02, 8.915007114410400391e-01, 2.278942614793777466e-02
1.949000120162963867e+00, 3.823528438806533813e-02, 8.918356895446777344e-01, 2.271681092679500580e-02
1.950000047683715820e+00, 3.811679035425186157e-02, 8.921695947647094727e-01, 2.264421060681343079e-02
1.951000094413757324e+00, 3.799882903695106506e-02, 8.925028443336486816e-01, 2.257425151765346527e-02
1.952000141143798828e+00, 3.788120299577713013e-02, 8.928350806236267090e-01, 2.250475063920021057e-02
1.953000068664550781e+00, 3.776402026414871216e-02, 8.931663632392883301e-01, 2.243489027023315430e-02
1.954000115394592285e+00, 3.764719888567924500e-02, 8.934966325759887695e-01, 2.236525341868400574e-02
1.955000042915344238e+00, 3.753073886036872864e-02, 8.938258886337280273e-01, 2.229585871100425720e-02
1.956000089645385742e+00, 3.741463646292686462e-02, 8.941541314125061035e-01, 2.222670055925846100e-02
1.957000136375427246e+00, 3.729901835322380066e-02, 8.944813609123229980e-01, 2.215830422937870026e-02
1.958000063896179199e+00, 3.718376159667968750e-02, 8.948075771331787109e-01, 2.209014818072319031e-02
1.959000110626220703e+00, 3.706873580813407898e-02, 8.951327800750732422e-01, 2.202166244387626648e-02
1.960000038146972656e+00, 3.695395961403846741e-02, 8.954569101333618164e-01, 2.195407636463642120e-02
1.961000084877014160e+00, 3.683954104781150818e-02, 8.957799673080444336e-01, 2.188665419816970825e-02
1.962000131607055664e+00, 3.672558069229125977e-02, 8.961020708084106445e-01, 2.181866765022277832e-02
1.963000059127807617e+00, 3.661197051405906677e-02, 8.964232206344604492e-01, 2.175090461969375610e-02
1.964000105857849121e+00, 3.649871051311492920e-02, 8.967434167861938477e-01, 2.168339118361473083e-02
1.965000152587890625e+00, 3.638580068945884705e-02, 8.970626592636108398e-01, 2.161611989140510559e-02
1.966000080108642578e+00, 3.627323731780052185e-02, 8.973809480667114258e-01, 2.154908329248428345e-02
1.967000126838684082e+00, 3.616102039813995361e-02, 8.976982235908508301e-01, 2.148227393627166748e-02
1.968000054359436035e+00, 3.604914993047714233e-02, 8.980144858360290527e-01, 2.141567692160606384e-02
1.969000101089477539e+00, 3.593762218952178955e-02, 8.983297944068908691e-01, 2.134927548468112946e-02
1.970000147819519043e+00, 3.582656756043434143e-02, 8.986440896987915039e-01, 2.128358930349349976e-02
1.971000075340270996e+00, 3.571585938334465027e-02, 8.989573717117309570e-01, 2.121812291443347931e-02
1.972000122070312500e+00, 3.560536727309226990e-02, 8.992697000503540039e-01, 2.115233801305294037e-02
1.973000049591064453e+00, 3.549521788954734802e-02, 8.995810747146606445e-01, 2.108673937618732452e-02
1.974000096321105957e+00, 3.538541123270988464e-02, 8.998914957046508789e-01, 2.102134935557842255e-02
1.975000143051147461e+00, 3.527583554387092590e-02, 9.002009034156799316e-01, 2.095696330070495605e-02
1.976000070571899414e+00, 3.516660258173942566e-02, 9.005093574523925781e-01, 2.089272066950798035e-02
1.977000117301940918e+00, 3.505782037973403931e-02, 9.008169174194335938e-01, 2.082779817283153534e-02
1.978000044822692871e+00, 3.494937345385551453e-02, 9.011235237121582031e-01, 2.076304890215396881e-02
1.979000091552734375e+00, 3.484102338552474976e-02, 9.014286994934082031e-01, 2.069680951535701752e-02
1.980000138282775879e+00, 3.473320603370666504e-02, 9.017328619956970215e-01, 2.063145488500595093e-02
1.981000065803527832e+00, 3.462596237659454346e-02, 9.020365476608276367e-01, 2.056802064180374146e-02
1.982000112533569336e+00, 3.451907262206077576e-02, 9.023388624191284180e-01, 2.050198614597320557e-02
1.983000040054321289e+00, 3.441246971487998962e-02, 9.026402831077575684e-01, 2.043602615594863892e-02
1.984000086784362793e+00, 3.430598229169845581e-02, 9.029412865638732910e-01, 2.037244103848934174e-02
1.985000133514404297e+00, 3.419987112283706665e-02, 9.032413363456726074e-01, 2.030921168625354767e-02
1.986000061035156250e+00, 3.409408777952194214e-02, 9.035404324531555176e-01, 2.024619467556476593e-02
1.987000107765197754e+00, 3.398862853646278381e-02, 9.038386344909667969e-01, 2.018339373171329498e-02
1.988000035285949707e+00, 3.388349339365959167e-02, 9.041359424591064453e-01, 2.012079581618309021e-02
1.989000082015991211e+00, 3.377868607640266418e-02, 9.044322967529296875e-01, 2.005838416516780853e-02
1.990000128746032715e+00, 3.367409110069274902e-02, 9.047275781631469727e-01, 1.999704539775848389e-02
1.991000056266784668e+00, 3.356982022523880005e-02, 9.050219655036926270e-01, 1.993587985634803772e-02
1.992000102996826172e+00, 3.346598148345947266e-02, 9.053155779838562012e-01, 1.987398974597454071e-02
1.993000149726867676e+00, 3.336245939135551453e-02, 9.056082963943481445e-01, 1.981229707598686218e-02
1.994000077247619629e+00, 3.325939178466796875e-02, 9.059001207351684570e-01, 1.975135505199432373e-02
1.995000123977661133e+00, 3.315664082765579224e-02, 9.061910510063171387e-01, 1.969065330922603607e-02
1.996000051498413086e+00, 3.305406868457794189e-02, 9.064810872077941895e-01, 1.962962932884693146e-02
1.997000098228454590e+00, 3.295181319117546082e-02, 9.067702293395996094e-01, 1.956877671182155609e-02
1.998000144958496094e+00, 3.284987434744834900e-02, 9.070584774017333984e-01, 1.950811222195625305e-02
1.999000072479248047e+00, 3.274824842810630798e-02, 9.073458313941955566e-01, 1.944762840867042542e-02
2.000000000000000000e+00, 3.264693170785903931e-02, 9.076322913169860840e-01, 1.938732340931892395e-02
2.001000165939331055e+00, 3.254650533199310303e-02, 9.078929424285888672e-01, 1.932238787412643433e-02
2.002000093460083008e+00, 3.244755789637565613e-02, 9.081029295921325684e-01, 1.924799010157585144e-02
2.003000020980834961e+00, 3.235009685158729553e-02, 9.082622528076171875e-01, 1.916410028934478760e-02
2.004000186920166016e+00, 3.225412592291831970e-02, 9.083709120750427246e-01, 1.907070539891719818e-02
2.005000114440917969e+00, 3.215964883565902710e-02, 9.084289073944091797e-01, 1.896779611706733704e-02
2.006000041961669922e+00, 3.206667304039001465e-02, 9.084362387657165527e-01, 1.885536126792430878e-02
2.007000207901000977e+00, 3.197520598769187927e-02, 9.083929061889648438e-01, 1.873338967561721802e-02
2.008000135421752930e+00, 3.188525512814521790e-02, 9.082989096641540527e-01, 1.860187388956546783e-02
2.009000062942504883e+00, 3.179682791233062744e-02, 9.081542491912841797e-01, 1.846082136034965515e-02
2.009999990463256836e+00, 3.170992806553840637e-02, 9.079589843750000000e-01, 1.831025816500186920e-02
2.011000156402587891e+00, 3.162445127964019775e-02, 9.077144265174865723e-01, 1.815049163997173309e-02
2.012000083923339844e+00, 3.154029697179794312e-02, 9.074218273162841797e-01, 1.798182167112827301e-02
2.013000011444091797e+00, 3.145746886730194092e-02, 9.070812463760375977e-01, 1.780426874756813049e-02
2.014000177383422852e+00, 3.137603029608726501e-02, 9.066929221153259277e-01, 1.761739514768123627e-02
2.015000104904174805e+00, 3.129726275801658630e-02, 9.062593579292297363e-01, 1.743377186357975006e-02
2.016000032424926758e+00, 3.121922165155410767e-02, 9.057776927947998047e-01, 1.724512502551078796e-02
2.017000198364257812e+00, 3.114062733948230743e-02, 9.052457809448242188e-01, 1.703907176852226257e-02
2.018000125885009766e+00, 3.106336295604705811e-02, 9.046666622161865234e-01, 1.682455651462078094e-02
2.019000053405761719e+00, 3.098207898437976837e-02, 9.040542244911193848e-01, 1.659097149968147278e-02
2.019999980926513672e+00, 3.090229257941246033e-02, 9.033946394920349121e-01, 1.634781435132026672e-02
2.021000146865844727e+00, 3.082238510251045227e-02, 9.026740193367004395e-01, 1.610251143574714661e-02
2.022000074386596680e+00, 3.072972968220710754e-02, 9.019075632095336914e-01, 1.584468223154544830e-02
2.023000001907348633e+00, 3.062422201037406921e-02, 9.010966420173645020e-01, 1.557641848921775818e-02
2.024000167846679688e+00, 3.050590679049491882e-02, 9.002411961555480957e-01, 1.529743336141109467e-02
2.025000095367431641e+00, 3.037479706108570099e-02, 8.993412256240844727e-01, 1.500762626528739929e-02
2.026000022888183594e+00, 3.023090399801731110e-02, 8.983967304229736328e-01, 1.470688823610544205e-02
2.027000188827514648e+00, 3.007424250245094299e-02, 8.974076509475708008e-01, 1.439510285854339600e-02
2.028000116348266602e+00, 2.990482933819293976e-02, 8.963739871978759766e-01, 1.407214906066656113e-02
2.029000043869018555e+00, 2.972268126904964447e-02, 8.952957391738891602e-01, 1.373790111392736435e-02
2.030000209808349609e+00, 2.952781505882740021e-02, 8.941728472709655762e-01, 1.339222956448793411e-02
2.031000137329101562e+00, 2.932226471602916718e-02, 8.930083513259887695e-01, 1.303507573902606964e-02
2.032000064849853516e+00, 2.910806611180305481e-02, 8.918052911758422852e-01, 1.266634371131658554e-02
2.032999992370605469e+00, 2.887773886322975159e-02, 8.905589580535888672e-01, 1.232790388166904449e-02
2.034000158309936523e+00, 2.863039635121822357e-02, 8.892677426338195801e-01, 1.204116549342870712e-02
2.035000085830688477e+00, 2.837298810482025146e-02, 8.879346251487731934e-01, 1.178265735507011414e-02
2.036000013351440430e+00, 2.810552529990673065e-02, 8.865596652030944824e-01, 1.155172567814588547e-02
2.037000179290771484e+00, 2.782768756151199341e-02, 8.851431608200073242e-01, 1.135000213980674744e-02
2.038000106811523438e+00, 2.753652073442935944e-02, 8.836854100227355957e-01, 1.115800533443689346e-02
2.039000034332275391e+00, 2.723144553601741791e-02, 8.821864724159240723e-01, 1.096794381737709045e-02
2.040000200271606445e+00, 2.691463381052017212e-02, 8.806461095809936523e-01, 1.079269219189882278e-02
2.041000127792358398e+00, 2.657928876578807831e-02, 8.790764212608337402e-01, 1.063257921487092972e-02
2.042000055313110352e+00, 2.621883153915405273e-02, 8.774896860122680664e-01, 1.048604957759380341e-02
2.042999982833862305e+00, 2.583326026797294617e-02, 8.758857846260070801e-01, 1.035292167216539383e-02
2.044000148773193359e+00, 2.542540058493614197e-02, 8.742645382881164551e-01, 1.025240309536457062e-02
2.045000076293945312e+00, 2.499014325439929962e-02, 8.726263046264648438e-01, 1.017975434660911560e-02
2.046000003814697266e+00, 2.452577836811542511e-02, 8.709715008735656738e-01, 1.010746508836746216e-02
2.047000169754028320e+00, 2.403662353754043579e-02, 8.693024516105651855e-01, 1.002415269613265991e-02
2.048000097274780273e+00, 2.352341264486312866e-02, 8.676162958145141602e-01, 9.945225901901721954e-03
2.049000024795532227e+00, 2.298706397414207458e-02, 8.659102916717529297e-01, 9.884851984679698944e-03
2.050000190734863281e+00, 2.242586016654968262e-02, 8.641867637634277344e-01, 9.833666495978832245e-03
2.051000118255615234e+00, 2.184787392616271973e-02, 8.624561429023742676e-01, 9.787183254957199097e-03
2.052000045776367188e+00, 2.126116864383220673e-02, 8.607289195060729980e-01, 9.741006419062614441e-03
2.053000211715698242e+00, 2.066446468234062195e-02, 8.590036630630493164e-01, 9.699246846139431000e-03
2.054000139236450195e+00, 2.005903981626033783e-02, 8.572816848754882812e-01, 9.657369926571846008e-03
2.055000066757202148e+00, 1.944486796855926514e-02, 8.555629849433898926e-01, 9.615246206521987915e-03
2.055999994277954102e+00, 1.882196962833404541e-02, 8.538475632667541504e-01, 9.572592563927173615e-03
2.057000160217285156e+00, 1.819031871855258942e-02, 8.521353006362915039e-01, 9.529277682304382324e-03
2.058000087738037109e+00, 1.755370944738388062e-02, 8.504191040992736816e-01, 9.488955140113830566e-03
2.059000015258789062e+00, 1.690969243645668030e-02, 8.487074971199035645e-01, 9.442974813282489777e-03
2.060000181198120117e+00, 1.625180616974830627e-02, 8.470047116279602051e-01, 9.396265260875225067e-03
2.061000108718872070e+00, 1.558589749038219452e-02, 8.453084826469421387e-01, 9.346200153231620789e-03
2.062000036239624023e+00, 1.491826027631759644e-02, 8.436186909675598145e-01, 9.285612031817436218e-03
2.063000202178955078e+00, 1.425349526107311249e-02, 8.419325947761535645e-01, 9.223925881087779999e-03
2.064000129699707031e+00, 1.359233260154724121e-02, 8.402516841888427734e-01, 9.166101925075054169e-03
2.065000057220458984e+00, 1.293174270540475845e-02, 8.385680317878723145e-01, 9.111995808780193329e-03
2.065999984741210938e+00, 1.227371115237474442e-02, 8.368874192237854004e-01, 9.061356075108051300e-03
2.067000150680541992e+00, 1.162022538483142853e-02, 8.352156281471252441e-01, 9.013926610350608826e-03
2.068000078201293945e+00, 1.096926070749759674e-02, 8.335469961166381836e-01, 8.970158174633979797e-03
2.069000005722045898e+00, 1.032079849392175674e-02, 8.318816423416137695e-01, 8.930149488151073456e-03
2.070000171661376953e+00, 9.672783315181732178e-03, 8.302138447761535645e-01, 8.894334547221660614e-03
2.071000099182128906e+00, 9.026836603879928589e-03, 8.285510540008544922e-01, 8.864417672157287598e-03
2.072000026702880859e+00, 8.384582586586475372e-03, 8.269006609916687012e-01, 8.842091076076030731e-03
2.073000192642211914e+00, 7.739874534308910370e-03, 8.252621889114379883e-01, 8.830862119793891907e-03
2.074000120162963867e+00, 7.096974644809961319e-03, 8.236318826675415039e-01, 8.810576051473617554e-03
2.075000047683715820e+00, 6.458248477429151535e-03, 8.220040202140808105e-01, 8.767535910010337830e-03
2.076000213623046875e+00, 5.817426834255456924e-03, 8.203753232955932617e-01, 8.718954399228096008e-03
2.077000141143798828e+00, 5.179916974157094955e-03, 8.187510967254638672e-01, 8.666290901601314545e-03
2.078000068664550781e+00, 4.545477684587240219e-03, 8.171416521072387695e-01, 8.620843291282653809e-03
2.078999996185302734e+00, 3.910614177584648132e-03, 8.155412673950195312e-01, 8.587840013206005096e-03
2.080000162124633789e+00, 3.279922297224402428e-03, 8.139417171478271484e-01, 8.550330065190792084e-03
2.081000089645385742e+00, 2.651231130585074425e-03, 8.123469352722167969e-01, 8.518049493432044983e-03
2.082000017166137695e+00, 2.023008186370134354e-03, 8.107610940933227539e-01, 8.493137545883655548e-03
2.083000183105468750e+00, 1.397035550326108932e-03, 8.091795444488525391e-01, 8.462199941277503967e-03
2.084000110626220703e+00, 7.737143896520137787e-04, 8.076028227806091309e-01, 8.433463051915168762e-03
2.085000038146972656e+00, 1.513266906840726733e-04, 8.060253262519836426e-01, 8.413648232817649841e-03
2.086000204086303711e+00, -4.685054300352931023e-04, 8.044527769088745117e-01, 8.397173136472702026e-03
2.087000131607055664e+00, -1.081523252651095390e-03, 8.028872609138488770e-01, 8.376282639801502228e-03
2.088000059127807617e+00, -1.694034901447594166e-03, 8.013271689414978027e-01, 8.352626115083694458e-03
2.088999986648559570e+00, -2.308184979483485222e-03, 7.997763752937316895e-01, 8.330205455422401428e-03
2.090000152587890625e+00, -2.920600818470120430e-03, 7.982302904129028320e-01, 8.308895863592624664e-03
2.091000080108642578e+00, -3.531236434355378151e-03, 7.966889739036560059e-01, 8.292022161185741425e-03
2.092000007629394531e+00, -4.137440118938684464e-03, 7.951483726501464844e-01, 8.266159333288669586e-03
2.093000173568725586e+00, -4.742112942039966583e-03, 7.936121821403503418e-01, 8.231157436966896057e-03
2.094000101089477539e+00, -5.346992984414100647e-03, 7.920849919319152832e-01, 8.202267810702323914e-03
2.095000028610229492e+00, -5.951578728854656219e-03, 7.905573248863220215e-01, 8.178794756531715393e-03
2.096000194549560547e+00, -6.554434541612863541e-03, 7.890343070030212402e-01, 8.156309835612773895e-03
2.097000122070312500e+00, -7.153292186558246613e-03, 7.875218987464904785e-01, 8.132918737828731537e-03
2.098000049591064453e+00, -7.750064134597778320e-03, 7.860142588615417480e-01, 8.110644295811653137e-03
2.099000215530395508e+00, -8.342686109244823456e-03, 7.845071554183959961e-01, 8.085141889750957489e-03
2.100000143051147461e+00, -8.934053592383861542e-03, 7.830045819282531738e-01, 8.060730062425136566e-03
2.101000070571899414e+00, -9.526371955871582031e-03, 7.815105915069580078e-01, 8.042936213314533234e-03
2.101999998092651367e+00, -1.011654175817966461e-02, 7.800212502479553223e-01, 8.022535592317581177e-03
2.103000164031982422e+00, -1.070661842823028564e-02, 7.785306572914123535e-01, 8.000202476978302002e-03
2.104000091552734375e+00, -1.129484269767999649e-02, 7.770447731018066406e-01, 7.978464476764202118e-03
2.105000019073486328e+00, -1.187868695706129074e-02, 7.755689024925231934e-01, 7.952503859996795654e-03
2.106000185012817383e+00, -1.246072817593812943e-02, 7.740976214408874512e-01, 7.926586084067821503e-03
2.107000112533569336e+00, -1.303930673748254776e-02, 7.726273536682128906e-01, 7.899433374404907227e-03
2.108000040054321289e+00, -1.361608877778053284e-02, 7.711616158485412598e-01, 7.872343063354492188e-03
2.109000205993652344e+00, -1.419536303728818893e-02, 7.696988582611083984e-01, 7.851551286876201630e-03
2.110000133514404297e+00, -1.477287616580724716e-02, 7.682406902313232422e-01, 7.830770686268806458e-03
2.111000061035156250e+00, -1.534611638635396957e-02, 7.667927742004394531e-01, 7.808934897184371948e-03
2.111999988555908203e+00, -1.591709442436695099e-02, 7.653492093086242676e-01, 7.788960356265306473e-03
2.113000154495239258e+00, -1.648646406829357147e-02, 7.639101147651672363e-01, 7.767954375594854355e-03
2.114000082015991211e+00, -1.705250702798366547e-02, 7.624712586402893066e-01, 7.740846835076808929e-03
2.115000009536743164e+00, -1.761719025671482086e-02, 7.610366344451904297e-01, 7.716804742813110352e-03
2.116000175476074219e+00, -1.818219758570194244e-02, 7.596105933189392090e-01, 7.696620654314756393e-03
2.117000102996826172e+00, -1.874562539160251617e-02, 7.581886649131774902e-01, 7.669745013117790222e-03
2.118000030517578125e+00, -1.930714212357997894e-02, 7.567713260650634766e-01, 7.642913609743118286e-03
2.119000196456909180e+00, -1.986649073660373688e-02, 7.553589344024658203e-01, 7.620841264724731445e-03
2.120000123977661133e+00, -2.042516507208347321e-02, 7.539437413215637207e-01, 7.600141689181327820e-03
2.121000051498413086e+00, -2.098202146589756012e-02, 7.525328993797302246e-01, 7.578809279948472977e-03
2.122000217437744141e+00, -2.153619378805160522e-02, 7.511335015296936035e-01, 7.556871045380830765e-03
2.123000144958496094e+00, -2.208675071597099304e-02, 7.497341036796569824e-01, 7.530958391726016998e-03
2.124000072479248047e+00, -2.263591811060905457e-02, 7.483387589454650879e-01, 7.507607340812683105e-03
2.125000000000000000e+00, -2.318526431918144226e-02, 7.469519376754760742e-01, 7.488355971872806549e-03
2.126000165939331055e+00, -2.373258583247661591e-02, 7.455695867538452148e-01, 7.466672454029321671e-03
2.127000093460083008e+00, -2.428034320473670959e-02, 7.441857457160949707e-01, 7.446925155818462372e-03
2.128000020980834961e+00, -2.482609823346138000e-02, 7.428061962127685547e-01, 7.428647950291633606e-03
2.129000186920166016e+00, -2.536795102059841156e-02, 7.414365410804748535e-01, 7.407815195620059967e-03
2.130000114440917969e+00, -2.590637467801570892e-02, 7.400668263435363770e-01, 7.380773313343524933e-03
2.131000041961669922e+00, -2.644322626292705536e-02, 7.387014031410217285e-01, 7.354493718594312668e-03
2.132000207901000977e+00, -2.698046341538429260e-02, 7.373443841934204102e-01, 7.333099842071533203e-03
2.133000135421752930e+00, -2.751615643501281738e-02, 7.359914779663085938e-01, 7.312992587685585022e-03
2.134000062942504883e+00, -2.805234678089618683e-02, 7.346369028091430664e-01, 7.295780815184116364e-03
2.134999990463256836e+00, -2.858670428395271301e-02, 7.332866191864013672e-01, 7.277505006641149521e-03
2.136000156402587891e+00, -2.911696210503578186e-02, 7.319464087486267090e-01, 7.257544435560703278e-03
2.137000083923339844e+00, -2.964506857097148895e-02, 7.306103706359863281e-01, 7.239664439111948013e-03
2.138000011444091797e+00, -3.017174825072288513e-02, 7.292785048484802246e-01, 7.220746017992496490e-03
2.139000177383422852e+00, -3.069690801203250885e-02, 7.279500961303710938e-01, 7.196823135018348694e-03
2.140000104904174805e+00, -3.122046403586864471e-02, 7.266258597373962402e-01, 7.172986865043640137e-03
2.141000032424926758e+00, -3.174094110727310181e-02, 7.253021597862243652e-01, 7.148303091526031494e-03
2.142000198364257812e+00, -3.226258233189582825e-02, 7.239750623703002930e-01, 7.126702461391687393e-03
2.143000125885009766e+00, -3.278442844748497009e-02, 7.226563096046447754e-01, 7.109117228537797928e-03
2.144000053405761719e+00, -3.330187499523162842e-02, 7.213490605354309082e-01, 7.088623475283384323e-03
2.145000219345092773e+00, -3.381772711873054504e-02, 7.200458645820617676e-01, 7.068150676786899567e-03
2.146000146865844727e+00, -3.433175757527351379e-02, 7.187467813491821289e-01, 7.048773579299449921e-03
2.147000074386596680e+00, -3.484373167157173157e-02, 7.174518108367919922e-01, 7.031504530459642410e-03
2.148000001907348633e+00, -3.535433113574981689e-02, 7.161608338356018066e-01, 7.012949325144290924e-03
2.149000167846679688e+00, -3.586344793438911438e-02, 7.148731946945190430e-01, 6.989136338233947754e-03
2.150000095367431641e+00, -3.637110441923141479e-02, 7.135896086692810059e-01, 6.965325679630041122e-03
2.151000022888183594e+00, -3.687741234898567200e-02, 7.123106122016906738e-01, 6.945288740098476410e-03
2.152000188827514648e+00, -3.738090395927429199e-02, 7.110304236412048340e-01, 6.919867824763059616e-03
2.153000116348266602e+00, -3.788312152028083801e-02, 7.097541689872741699e-01, 6.894961465150117874e-03
2.154000043869018555e+00, -3.838495537638664246e-02, 7.084869742393493652e-01, 6.875863298773765564e-03
2.155000209808349609e+00, -3.888528048992156982e-02, 7.072236537933349609e-01, 6.857179570943117142e-03
2.156000137329101562e+00, -3.938623145222663879e-02, 7.059584856033325195e-01, 6.841623224318027496e-03
2.157000064849853516e+00, -3.988517820835113525e-02, 7.046973705291748047e-01, 6.826052442193031311e-03
2.157999992370605469e+00, -4.038028046488761902e-02, 7.034458518028259277e-01, 6.806612946093082428e-03
2.159000158309936523e+00, -4.087402671575546265e-02, 7.021982073783874512e-01, 6.786432117223739624e-03
2.160000085830688477e+00, -4.136434569954872131e-02, 7.009503841400146484e-01, 6.763669662177562714e-03
2.161000013351440430e+00, -4.185324534773826599e-02, 6.997063755989074707e-01, 6.740469951182603836e-03
2.162000179290771484e+00, -4.234263673424720764e-02, 6.984702944755554199e-01, 6.720750126987695694e-03
2.163000106811523438e+00, -4.283049330115318298e-02, 6.972379684448242188e-01, 6.701091304421424866e-03
2.164000034332275391e+00, -4.331722855567932129e-02, 6.960088014602661133e-01, 6.678169127553701401e-03
2.165000200271606445e+00, -4.380237683653831482e-02, 6.947834491729736328e-01, 6.654921453446149826e-03
2.166000127792358398e+00, -4.428568854928016663e-02, 6.935624480247497559e-01, 6.635850295424461365e-03
2.167000055313110352e+00, -4.476583376526832581e-02, 6.923409700393676758e-01, 6.614241283386945724e-03
2.168000221252441406e+00, -4.524717852473258972e-02, 6.911159753799438477e-01, 6.595763843506574631e-03
2.169000148773193359e+00, -4.572872817516326904e-02, 6.898989677429199219e-01, 6.580310873687267303e-03
2.170000076293945312e+00, -4.620597139000892639e-02, 6.886930465698242188e-01, 6.560992915183305740e-03
2.171000003814697266e+00, -4.668173193931579590e-02, 6.874908804893493652e-01, 6.541697308421134949e-03
2.172000169754028320e+00, -4.715602844953536987e-02, 6.862924098968505859e-01, 6.522499024868011475e-03
2.173000097274780273e+00, -4.762863740324974060e-02, 6.850976347923278809e-01, 6.504272576421499252e-03
2.174000024795532227e+00, -4.809979349374771118e-02, 6.839065551757812500e-01, 6.486138794571161270e-03
2.175000190734863281e+00, -4.856792464852333069e-02, 6.827149987220764160e-01, 6.463489495217800140e-03
2.176000118255615234e+00, -4.903461411595344543e-02, 6.815271377563476562e-01, 6.440881639719009399e-03
2.177000045776367188e+00, -4.950167238712310791e-02, 6.803471446037292480e-01, 6.421983707696199417e-03
2.178000211715698242e+00, -4.996729642152786255e-02, 6.791708469390869141e-01, 6.403072737157344818e-03
2.179000139236450195e+00, -5.043165758252143860e-02, 6.779981851577758789e-01, 6.385475862771272659e-03
2.180000066757202148e+00, -5.089484900236129761e-02, 6.768289804458618164e-01, 6.366174668073654175e-03
2.180999994277954102e+00, -5.135649070143699646e-02, 6.756634712219238281e-01, 6.345992907881736755e-03
2.182000160217285156e+00, -5.181811004877090454e-02, 6.744959354400634766e-01, 6.330549251288175583e-03
2.183000087738037109e+00, -5.227782949805259705e-02, 6.733318567276000977e-01, 6.316270213574171066e-03
2.184000015258789062e+00, -5.273440480232238770e-02, 6.721771359443664551e-01, 6.298715714365243912e-03
2.185000181198120117e+00, -5.318956449627876282e-02, 6.710252761840820312e-01, 6.276209373027086258e-03
2.186000108718872070e+00, -5.364347249269485474e-02, 6.698770523071289062e-01, 6.253831554204225540e-03
2.187000036239624023e+00, -5.409627780318260193e-02, 6.687332391738891602e-01, 6.235659588128328323e-03
2.188000202178955078e+00, -5.454722791910171509e-02, 6.675930023193359375e-01, 6.219414062798023224e-03
2.189000129699707031e+00, -5.499681085348129272e-02, 6.664562225341796875e-01, 6.201950367540121078e-03
2.190000057220458984e+00, -5.544595420360565186e-02, 6.653162240982055664e-01, 6.182305980473756790e-03
2.191000223159790039e+00, -5.589381232857704163e-02, 6.641797423362731934e-01, 6.163342855870723724e-03
2.192000150680541992e+00, -5.633969232439994812e-02, 6.630533933639526367e-01, 6.145080551505088806e-03
2.193000078201293945e+00, -5.678395181894302368e-02, 6.619304418563842773e-01, 6.127643864601850510e-03
2.194000005722045898e+00, -5.722683668136596680e-02, 6.608109474182128906e-01, 6.110292393714189529e-03
2.195000171661376953e+00, -5.766685679554939270e-02, 6.596907973289489746e-01, 6.088702008128166199e-03
2.196000099182128906e+00, -5.810581147670745850e-02, 6.585738658905029297e-01, 6.069561000913381577e-03
2.197000026702880859e+00, -5.854513123631477356e-02, 6.574645042419433594e-01, 6.053981371223926544e-03
2.198000192642211914e+00, -5.898278206586837769e-02, 6.563587188720703125e-01, 6.035963073372840881e-03
2.199000120162963867e+00, -5.941947549581527710e-02, 6.552557945251464844e-01, 6.014757789671421051e-03
2.200000047683715820e+00, -5.985476076602935791e-02, 6.541563272476196289e-01, 5.993216764181852341e-03
2.201000213623046875e+00, -6.028840318322181702e-02, 6.530607342720031738e-01, 5.975801497697830200e-03
2.202000141143798828e+00, -6.072077155113220215e-02, 6.519680619239807129e-01, 5.962435156106948853e-03
2.203000068664550781e+00, -6.115153804421424866e-02, 6.508777141571044922e-01, 5.943178664892911911e-03
2.203999996185302734e+00, -6.158095225691795349e-02, 6.497911810874938965e-01, 5.920404102653264999e-03
2.205000162124633789e+00, -6.201076507568359375e-02, 6.487034559249877930e-01, 5.905369762331247330e-03
2.206000089645385742e+00, -6.243878975510597229e-02, 6.476191282272338867e-01, 5.892230663448572159e-03
2.207000017166137695e+00, -6.286385655403137207e-02, 6.465438604354858398e-01, 5.876241251826286316e-03
2.208000183105468750e+00, -6.328765302896499634e-02, 6.454712748527526855e-01, 5.855217576026916504e-03
2.209000110626220703e+00, -6.371023505926132202e-02, 6.444020867347717285e-01, 5.834266077727079391e-03
2.210000038146972656e+00, -6.413172930479049683e-02, 6.433370113372802734e-01, 5.817291792482137680e-03
2.211000204086303711e+00, -6.455147266387939453e-02, 6.422752141952514648e-01, 5.801962222903966904e-03
2.212000131607055664e+00, -6.496999412775039673e-02, 6.412165164947509766e-01, 5.785308778285980225e-03
2.213000059127807617e+00, -6.538713723421096802e-02, 6.401602029800415039e-01, 5.763584282249212265e-03
2.213999986648559570e+00, -6.580320000648498535e-02, 6.391072869300842285e-01, 5.742153152823448181e-03
2.215000152587890625e+00, -6.622008234262466431e-02, 6.380528807640075684e-01, 5.726658739149570465e-03
2.216000080108642578e+00, -6.663524359464645386e-02, 6.370016932487487793e-01, 5.712843965739011765e-03
2.217000007629394531e+00, -6.704694032669067383e-02, 6.359594464302062988e-01, 5.699048284441232681e-03
2.218000173568725586e+00, -6.745766848325729370e-02, 6.349204778671264648e-01, 5.684082396328449249e-03
2.219000101089477539e+00, -6.786727160215377808e-02, 6.338840126991271973e-01, 5.664067808538675308e-03
2.220000028610229492e+00, -6.827561557292938232e-02, 6.328507661819458008e-01, 5.643927957862615585e-03
2.221000194549560547e+00, -6.868305802345275879e-02, 6.318214535713195801e-01, 5.626800470054149628e-03
2.222000122070312500e+00, -6.908899545669555664e-02, 6.307952404022216797e-01, 5.610630847513675690e-03
2.223000049591064453e+00, -6.949348747730255127e-02, 6.297717690467834473e-01, 5.592974368482828140e-03
2.224000215530395508e+00, -6.989703327417373657e-02, 6.287513971328735352e-01, 5.577038507908582687e-03
2.225000143051147461e+00, -7.029797136783599854e-02, 6.277302503585815430e-01, 5.557311233133077621e-03
2.226000070571899414e+00, -7.069759070873260498e-02, 6.267123818397521973e-01, 5.535223055630922318e-03
2.226999998092651367e+00, -7.109791040420532227e-02, 6.257014870643615723e-01, 5.515607073903083801e-03
2.228000164031982422e+00, -7.149694859981536865e-02, 6.246937513351440430e-01, 5.495759192854166031e-03
2.229000091552734375e+00, -7.189448177814483643e-02, 6.236895918846130371e-01, 5.479893647134304047e-03
2.230000019073486328e+00, -7.229108363389968872e-02, 6.226883530616760254e-01, 5.466506350785493851e-03
2.231000185012817383e+00, -7.268633693456649780e-02, 6.216902732849121094e-01, 5.452161189168691635e-03
2.232000112533569336e+00, -7.308049499988555908e-02, 6.206945776939392090e-01, 5.432705394923686981e-03
2.233000040054321289e+00, -7.347337901592254639e-02, 6.197019815444946289e-01, 5.412841681391000748e-03
2.234000205993652344e+00, -7.386447489261627197e-02, 6.187128424644470215e-01, 5.398102570325136185e-03
2.235000133514404297e+00, -7.425460964441299438e-02, 6.177266240119934082e-01, 5.385414697229862213e-03
2.236000061035156250e+00, -7.464353740215301514e-02, 6.167422533035278320e-01, 5.363767966628074646e-03
2.236999988555908203e+00, -7.503109425306320190e-02, 6.157609820365905762e-01, 5.342172458767890930e-03
2.238000154495239258e+00, -7.541731745004653931e-02, 6.147844791412353516e-01, 5.328814033418893814e-03
2.239000082015991211e+00, -7.580240815877914429e-02, 6.138110160827636719e-01, 5.314746405929327011e-03
2.240000009536743164e+00, -7.618659734725952148e-02, 6.128405332565307617e-01, 5.299346521496772766e-03
2.241000175476074219e+00, -7.657091319561004639e-02, 6.118675470352172852e-01, 5.285505205392837524e-03
2.242000102996826172e+00, -7.695348560810089111e-02, 6.108962893486022949e-01, 5.266922526061534882e-03
2.243000030517578125e+00, -7.733360677957534790e-02, 6.099335551261901855e-01, 5.245536565780639648e-03
2.244000196456909180e+00, -7.771304249763488770e-02, 6.089749932289123535e-01, 5.229289177805185318e-03
2.245000123977661133e+00, -7.809085398912429810e-02, 6.080192923545837402e-01, 5.214704200625419617e-03
2.246000051498413086e+00, -7.846703380346298218e-02, 6.070665121078491211e-01, 5.201853811740875244e-03
2.247000217437744141e+00, -7.884235680103302002e-02, 6.061167716979980469e-01, 5.188007373362779617e-03
2.248000144958496094e+00, -7.921705394983291626e-02, 6.051700711250305176e-01, 5.172258242964744568e-03
2.249000072479248047e+00, -7.959021627902984619e-02, 6.042255759239196777e-01, 5.153651814907789230e-03
2.250000000000000000e+00, -7.996220886707305908e-02, 6.032840013504028320e-01, 5.135061684995889664e-03
2.251000165939331055e+00, -8.033479750156402588e-02, 6.023405194282531738e-01, 5.121684633195400238e-03
2.252000093460083008e+00, -8.070624619722366333e-02, 6.013998985290527344e-01, 5.108393263071775436e-03
2.253000020980834961e+00, -8.107358217239379883e-02, 6.004635691642761230e-01, 5.089695099741220474e-03
2.254000186920166016e+00, -8.143978565931320190e-02, 5.995301604270935059e-01, 5.071085877716541290e-03
2.255000114440917969e+00, -8.180644363164901733e-02, 5.986037850379943848e-01, 5.055695306509733200e-03
2.256000041961669922e+00, -8.217196166515350342e-02, 5.976802706718444824e-01, 5.040323361754417419e-03
2.257000207901000977e+00, -8.253633975982666016e-02, 5.967596173286437988e-01, 5.024982616305351257e-03
2.258000135421752930e+00, -8.289957791566848755e-02, 5.958418250083923340e-01, 5.009657703340053558e-03
2.259000062942504883e+00, -8.326167613267898560e-02, 5.949268937110900879e-01, 4.994336050003767014e-03
2.259999990463256836e+00, -8.362263441085815430e-02, 5.940148234367370605e-01, 4.979005549103021622e-03
2.261000156402587891e+00, -8.398261666297912598e-02, 5.931054949760437012e-01, 4.964905325323343277e-03
2.262000083923339844e+00, -8.434131741523742676e-02, 5.921989083290100098e-01, 4.951495677232742310e-03
2.263000011444091797e+00, -8.470050245523452759e-02, 5.912901759147644043e-01, 4.938747268170118332e-03
2.264000177383422852e+00, -8.505617827177047729e-02, 5.903778672218322754e-01, 4.920115694403648376e-03
2.265000104904174805e+00, -8.540903031826019287e-02, 5.894733667373657227e-01, 4.899793770164251328e-03
2.266000032424926758e+00, -8.576337993144989014e-02, 5.885780453681945801e-01, 4.884866066277027130e-03
2.267000198364257812e+00, -8.611662685871124268e-02, 5.876854658126831055e-01, 4.869941156357526779e-03
2.268000125885009766e+00, -8.646877110004425049e-02, 5.867956876754760742e-01, 4.855030216276645660e-03
2.269000053405761719e+00, -8.681980520486831665e-02, 5.859087109565734863e-01, 4.840121604502201080e-03
2.270000219345092773e+00, -8.716972917318344116e-02, 5.850244760513305664e-01, 4.825203679502010345e-03
2.271000146865844727e+00, -8.751857280731201172e-02, 5.841429829597473145e-01, 4.810328595340251923e-03
2.272000074386596680e+00, -8.786635845899581909e-02, 5.832642316818237305e-01, 4.795545712113380432e-03
2.273000001907348633e+00, -8.821307867765426636e-02, 5.823881626129150391e-01, 4.780841525644063950e-03
2.274000167846679688e+00, -8.855888247489929199e-02, 5.815147161483764648e-01, 4.767402540892362595e-03
2.275000095367431641e+00, -8.890362083911895752e-02, 5.806440114974975586e-01, 4.754040390253067017e-03
2.276000022888183594e+00, -8.924749493598937988e-02, 5.797755122184753418e-01, 4.736701026558876038e-03
2.277000188827514648e+00, -8.959027379751205444e-02, 5.789096951484680176e-01, 4.719200544059276581e-03
2.278000116348266602e+00, -8.993175625801086426e-02, 5.780470371246337891e-01, 4.705565515905618668e-03
2.279000043869018555e+00, -9.027222543954849243e-02, 5.771865844726562500e-01, 4.695929586887359619e-03
2.280000209808349609e+00, -9.061148762702941895e-02, 5.763288736343383789e-01, 4.685294348746538162e-03
2.281000137329101562e+00, -9.095001220703125000e-02, 5.754734873771667480e-01, 4.668164998292922974e-03
2.282000064849853516e+00, -9.128702431917190552e-02, 5.746200680732727051e-01, 4.647079389542341232e-03
2.282999992370605469e+00, -9.162272512912750244e-02, 5.737699866294860840e-01, 4.630120936781167984e-03
2.284000158309936523e+00, -9.195762872695922852e-02, 5.729231834411621094e-01, 4.618202336132526398e-03
2.285000085830688477e+00, -9.229143708944320679e-02, 5.720790624618530273e-01, 4.605002235621213913e-03
2.286000013351440430e+00, -9.262461215257644653e-02, 5.712375044822692871e-01, 4.592053126543760300e-03
2.287000179290771484e+00, -9.295696765184402466e-02, 5.703982710838317871e-01, 4.577483981847763062e-03
2.288000106811523438e+00, -9.328612685203552246e-02, 5.695580244064331055e-01, 4.556101281195878983e-03
2.289000034332275391e+00, -9.361421316862106323e-02, 5.687205791473388672e-01, 4.537919536232948303e-03
2.290000200271606445e+00, -9.394360333681106567e-02, 5.678892135620117188e-01, 4.528116900473833084e-03
2.291000127792358398e+00, -9.427183121442794800e-02, 5.670604705810546875e-01, 4.516409244388341904e-03
2.292000055313110352e+00, -9.459915757179260254e-02, 5.662333369255065918e-01, 4.499092698097229004e-03
2.293000221252441406e+00, -9.492535889148712158e-02, 5.654088258743286133e-01, 4.481552168726921082e-03
2.294000148773193359e+00, -9.525013715028762817e-02, 5.645880103111267090e-01, 4.467026796191930771e-03
2.295000076293945312e+00, -9.557411819696426392e-02, 5.637696385383605957e-01, 4.454117733985185623e-03
2.296000003814697266e+00, -9.589709341526031494e-02, 5.629537701606750488e-01, 4.441240802407264709e-03
2.297000169754028320e+00, -9.621895104646682739e-02, 5.621405243873596191e-01, 4.427489824593067169e-03
2.298000097274780273e+00, -9.653991460800170898e-02, 5.613297820091247559e-01, 4.414658993482589722e-03
2.299000024795532227e+00, -9.686014801263809204e-02, 5.605211853981018066e-01, 4.399755038321018219e-03
2.300000190734863281e+00, -9.717891365289688110e-02, 5.597151517868041992e-01, 4.385589621961116791e-03
2.301000118255615234e+00, -9.749653190374374390e-02, 5.589118599891662598e-01, 4.374554846435785294e-03
2.302000045776367188e+00, -9.781352430582046509e-02, 5.581110119819641113e-01, 4.361954052001237869e-03
2.303000211715698242e+00, -9.812905639410018921e-02, 5.573118329048156738e-01, 4.345281980931758881e-03
2.304000139236450195e+00, -9.844544529914855957e-02, 5.565097928047180176e-01, 4.330426920205354691e-03
2.305000066757202148e+00, -9.876108914613723755e-02, 5.557111501693725586e-01, 4.319367464631795883e-03
2.305999994277954102e+00, -9.907360374927520752e-02, 5.549202561378479004e-01, 4.307822789996862411e-03
2.307000160217285156e+00, -9.938527643680572510e-02, 5.541318058967590332e-01, 4.295701161026954651e-03
2.308000087738037109e+00, -9.969629347324371338e-02, 5.533458590507507324e-01, 4.282360430806875229e-03
2.309000015258789062e+00, -1.000059545040130615e-01, 5.525615215301513672e-01, 4.265980795025825500e-03
2.310000181198120117e+00, -1.003146693110466003e-01, 5.517796277999877930e-01, 4.249440506100654602e-03
2.311000108718872070e+00, -1.006226167082786560e-01, 5.510008335113525391e-01, 4.236442502588033676e-03
2.312000036239624023e+00, -1.009295955300331116e-01, 5.502244234085083008e-01, 4.223705269396305084e-03
2.313000202178955078e+00, -1.012355908751487732e-01, 5.494504570960998535e-01, 4.211319610476493835e-03
2.314000129699707031e+00, -1.015406548976898193e-01, 5.486788749694824219e-01, 4.198998678475618362e-03
2.315000057220458984e+00, -1.018450185656547546e-01, 5.479097366333007812e-01, 4.185982048511505127e-03
2.316000223159790039e+00, -1.021469682455062866e-01, 5.471388697624206543e-01, 4.170138854533433914e-03
2.317000150680541992e+00, -1.024479717016220093e-01, 5.463703870773315430e-01, 4.154354799538850784e-03
2.318000078201293945e+00, -1.027495041489601135e-01, 5.456084012985229492e-01, 4.141438752412796021e-03
2.319000005722045898e+00, -1.030500903725624084e-01, 5.448487997055053711e-01, 4.128507804125547409e-03
2.320000171661376953e+00, -1.033500805497169495e-01, 5.440910458564758301e-01, 4.112904425710439682e-03
2.321000099182128906e+00, -1.036491319537162781e-01, 5.433356165885925293e-01, 4.097260069102048874e-03
2.322000026702880859e+00, -1.039470732212066650e-01, 5.425829291343688965e-01, 4.085549153387546539e-03
2.323000192642211914e+00, -1.042441278696060181e-01, 5.418325662612915039e-01, 4.074030555784702301e-03
2.324000120162963867e+00, -1.045402958989143372e-01, 5.410845279693603516e-01, 4.062716383486986160e-03
2.325000047683715820e+00, -1.048355549573898315e-01, 5.403388142585754395e-01, 4.051455762237310410e-03
2.326000213623046875e+00, -1.051297411322593689e-01, 5.395954847335815430e-01, 4.038941115140914917e-03
2.327000141143798828e+00, -1.054233387112617493e-01, 5.388539433479309082e-01, 4.023873712867498398e-03
2.328000068664550781e+00, -1.057156547904014587e-01, 5.381146669387817383e-01, 4.010139033198356628e-03
2.328999996185302734e+00, -1.060068532824516296e-01, 5.373781323432922363e-01, 4.000054672360420227e-03
2.330000162124633789e+00, -1.062970682978630066e-01, 5.366430282592773438e-01, 3.985195420682430267e-03
2.331000089645385742e+00, -1.065862774848937988e-01, 5.359102487564086914e-01, 3.969246521592140198e-03
2.332000017166137695e+00, -1.068751662969589233e-01, 5.351805090904235840e-01, 3.957906737923622131e-03
2.333000183105468750e+00, -1.071631461381912231e-01, 5.344530344009399414e-01, 3.946711309254169464e-03
2.334000110626220703e+00, -1.074498519301414490e-01, 5.337278246879577637e-01, 3.935273271054029465e-03
2.335000038146972656e+00, -1.077360734343528748e-01, 5.330042243003845215e-01, 3.920662682503461838e-03
2.336000204086303711e+00, -1.080215945839881897e-01, 5.322829484939575195e-01, 3.904847661033272743e-03
2.337000131607055664e+00, -1.083058938384056091e-01, 5.315644741058349609e-01, 3.892834531143307686e-03
2.338000059127807617e+00, -1.085879579186439514e-01, 5.308440923690795898e-01, 3.879091469570994377e-03
2.339000225067138672e+00, -1.088693812489509583e-01, 5.301257967948913574e-01, 3.867442486807703972e-03
2.340000152587890625e+00, -1.091512963175773621e-01, 5.294138193130493164e-01, 3.858037525787949562e-03
2.341000080108642578e+00, -1.094320043921470642e-01, 5.287042260169982910e-01, 3.846009727567434311e-03
2.342000007629394531e+00, -1.097118780016899109e-01, 5.279968380928039551e-01, 3.834023373201489449e-03
2.343000173568725586e+00, -1.099909096956253052e-01, 5.272915959358215332e-01, 3.822091501206159592e-03
2.344000101089477539e+00, -1.102694347500801086e-01, 5.265877246856689453e-01, 3.807762637734413147e-03
2.345000028610229492e+00, -1.105470955371856689e-01, 5.258860588073730469e-01, 3.793379059061408043e-03
2.346000194549560547e+00, -1.108236908912658691e-01, 5.251873135566711426e-01, 3.782496089115738869e-03
2.347000122070312500e+00, -1.110994368791580200e-01, 5.244907140731811523e-01, 3.771743271499872208e-03
2.348000049591064453e+00, -1.113741844892501831e-01, 5.237963795661926270e-01, 3.759969491511583328e-03
2.349000215530395508e+00, -1.116480678319931030e-01, 5.231042504310607910e-01, 3.748171497136354446e-03
2.350000143051147461e+00, -1.119212359189987183e-01, 5.224141478538513184e-01, 3.737536724656820297e-03
2.351000070571899414e+00, -1.121933832764625549e-01, 5.217260718345642090e-01, 3.727491945028305054e-03
2.351999998092651367e+00, -1.124649420380592346e-01, 5.210394859313964844e-01, 3.713494632393121719e-03
2.353000164031982422e+00, -1.127358078956604004e-01, 5.203551650047302246e-01, 3.698640968650579453e-03
2.354000091552734375e+00, -1.130051538348197937e-01, 5.196729302406311035e-01, 3.684040158987045288e-03
2.355000019073486328e+00, -1.132738515734672546e-01, 5.189926028251647949e-01, 3.671959973871707916e-03
2.356000185012817383e+00, -1.135420352220535278e-01, 5.183151364326477051e-01, 3.662579227238893509e-03
2.357000112533569336e+00, -1.138090342283248901e-01, 5.176398754119873047e-01, 3.651882987469434738e-03
2.358000040054321289e+00, -1.140751913189888000e-01, 5.169667005538940430e-01, 3.641194896772503853e-03
2.359000205993652344e+00, -1.143408566713333130e-01, 5.162955522537231445e-01, 3.630762454122304916e-03
2.360000133514404297e+00, -1.146059185266494751e-01, 5.156261920928955078e-01, 3.618629882112145424e-03
2.361000061035156250e+00, -1.148682013154029846e-01, 5.149552822113037109e-01, 3.600196680054068565e-03
2.362000226974487305e+00, -1.151296421885490417e-01, 5.142866373062133789e-01, 3.585024038329720497e-03
2.363000154495239258e+00, -1.153924614191055298e-01, 5.136235952377319336e-01, 3.577915253117680550e-03
2.364000082015991211e+00, -1.156542897224426270e-01, 5.129626989364624023e-01, 3.569381078705191612e-03
2.365000009536743164e+00, -1.159149706363677979e-01, 5.123040080070495605e-01, 3.558208467438817024e-03
2.366000175476074219e+00, -1.161751747131347656e-01, 5.116466283798217773e-01, 3.544680774211883545e-03
2.367000102996826172e+00, -1.164345741271972656e-01, 5.109912753105163574e-01, 3.531198715791106224e-03
2.368000030517578125e+00, -1.166928336024284363e-01, 5.103386640548706055e-01, 3.520119935274124146e-03
2.369000196456909180e+00, -1.169502735137939453e-01, 5.096880793571472168e-01, 3.509043250232934952e-03
2.370000123977661133e+00, -1.172068938612937927e-01, 5.090395212173461914e-01, 3.497975412756204605e-03
2.371000051498413086e+00, -1.174627244472503662e-01, 5.083929896354675293e-01, 3.486941335722804070e-03
2.372000217437744141e+00, -1.177177876234054565e-01, 5.077484250068664551e-01, 3.475967794656753540e-03
2.373000144958496094e+00, -1.179720759391784668e-01, 5.071058273315429688e-01, 3.465049434453248978e-03
2.374000072479248047e+00, -1.182269603013992310e-01, 5.064603090286254883e-01, 3.455644939094781876e-03
2.375000000000000000e+00, -1.184810623526573181e-01, 5.058167576789855957e-01, 3.446286544203758240e-03
2.376000165939331055e+00, -1.187330111861228943e-01, 5.051801204681396484e-01, 3.435492049902677536e-03
2.377000093460083008e+00, -1.189841777086257935e-01, 5.045454502105712891e-01, 3.424713155254721642e-03
2.378000020980834961e+00, -1.192345544695854187e-01, 5.039127469062805176e-01, 3.413949860259890556e-03
2.379000186920166016e+00, -1.194839179515838623e-01, 5.032820105552673340e-01, 3.404004732146859169e-03
2.380000114440917969e+00, -1.197324767708778381e-01, 5.026532411575317383e-01, 3.394073108211159706e-03
2.381000041961669922e+00, -1.199804842472076416e-01, 5.020264387130737305e-01, 3.383360570296645164e-03
2.382000207901000977e+00, -1.202277541160583496e-01, 5.014015436172485352e-01, 3.372698556631803513e-03
2.383000135421752930e+00, -1.204739436507225037e-01, 5.007777810096740723e-01, 3.359267953783273697e-03
2.384000062942504883e+00, -1.207193732261657715e-01, 5.001559853553771973e-01, 3.345955396071076393e-03
2.385000228881835938e+00, -1.209641546010971069e-01, 4.995368123054504395e-01, 3.336237976327538490e-03
2.386000156402587891e+00, -1.212081834673881531e-01, 4.989195764064788818e-01, 3.326492849737405777e-03
2.387000083923339844e+00, -1.214516758918762207e-01, 4.983043372631072998e-01, 3.316030371934175491e-03
2.388000011444091797e+00, -1.216944009065628052e-01, 4.976910054683685303e-01, 3.305565332993865013e-03
2.389000177383422852e+00, -1.219361424446105957e-01, 4.970795214176177979e-01, 3.295908449217677116e-03
2.390000104904174805e+00, -1.221771091222763062e-01, 4.964699149131774902e-01, 3.286266000941395760e-03
2.391000032424926758e+00, -1.224176809191703796e-01, 4.958621561527252197e-01, 3.276935312896966934e-03
2.392000198364257812e+00, -1.226571425795555115e-01, 4.952553510665893555e-01, 3.264297731220722198e-03
2.393000125885009766e+00, -1.228961795568466187e-01, 4.946501851081848145e-01, 3.248122753575444221e-03
2.394000053405761719e+00, -1.231347098946571350e-01, 4.940478205680847168e-01, 3.236081916838884354e-03
2.395000219345092773e+00, -1.233716830611228943e-01, 4.934475719928741455e-01, 3.228026907891035080e-03
2.396000146865844727e+00, -1.236080974340438843e-01, 4.928491711616516113e-01, 3.219293430447578430e-03
2.397000074386596680e+00, -1.238443106412887573e-01, 4.922526180744171143e-01, 3.210266819223761559e-03
2.398000001907348633e+00, -1.240797787904739380e-01, 4.916579127311706543e-01, 3.201265120878815651e-03
2.399000167846679688e+00, -1.243143528699874878e-01, 4.910651147365570068e-01, 3.191158408299088478e-03
2.400000095367431641e+00, -1.245481818914413452e-01, 4.904741644859313965e-01, 3.181021893396973610e-03
2.401000022888183594e+00, -1.247812882065773010e-01, 4.898850321769714355e-01, 3.170920303091406822e-03
2.402000188827514648e+00, -1.250150203704833984e-01, 4.892928600311279297e-01, 3.162321634590625763e-03
2.403000116348266602e+00, -1.252459734678268433e-01, 4.886956214904785156e-01, 3.149748547002673149e-03
2.404000043869018555e+00, -1.254749000072479248e-01, 4.881050586700439453e-01, 3.135801060125231743e-03
2.405000209808349609e+00, -1.257051974534988403e-01, 4.875231981277465820e-01, 3.125917399302124977e-03
2.406000137329101562e+00, -1.259347945451736450e-01, 4.869431257247924805e-01, 3.116043750196695328e-03
2.407000064849853516e+00, -1.261636763811111450e-01, 4.863648414611816406e-01, 3.106194548308849335e-03
2.408000230789184570e+00, -1.263918280601501465e-01, 4.857883453369140625e-01, 3.096363507211208344e-03
2.409000158309936523e+00, -1.266192495822906494e-01, 4.852136373519897461e-01, 3.086540382355451584e-03
2.410000085830688477e+00, -1.268459409475326538e-01, 4.846407175064086914e-01, 3.076717955991625786e-03
2.411000013351440430e+00, -1.270719319581985474e-01, 4.840695559978485107e-01, 3.066929988563060760e-03
2.412000179290771484e+00, -1.272972524166107178e-01, 4.835001528263092041e-01, 3.057206748053431511e-03
2.413000106811523438e+00, -1.275218874216079712e-01, 4.829325377941131592e-01, 3.047534963116049767e-03
2.414000034332275391e+00, -1.277458369731903076e-01, 4.823666810989379883e-01, 3.037905553355813026e-03
2.415000200271606445e+00, -1.279691010713577271e-01, 4.818025827407836914e-01, 3.028311766684055328e-03
2.416000127792358398e+00, -1.281916797161102295e-01, 4.812402427196502686e-01, 3.018746618181467056e-03
2.417000055313110352e+00, -1.284135729074478149e-01, 4.806796312332153320e-01, 3.009206615388393402e-03
2.418000221252441406e+00, -1.286347657442092896e-01, 4.801207482814788818e-01, 2.999685239046812057e-03
2.419000148773193359e+00, -1.288552582263946533e-01, 4.795636236667633057e-01, 2.990172244608402252e-03
2.420000076293945312e+00, -1.290751993656158447e-01, 4.790081679821014404e-01, 2.981786616146564484e-03
2.421000003814697266e+00, -1.292944550514221191e-01, 4.784544110298156738e-01, 2.973455237224698067e-03
2.422000169754028320e+00, -1.295129060745239258e-01, 4.779024422168731689e-01, 2.964045619592070580e-03
2.423000097274780273e+00, -1.297307014465332031e-01, 4.773522019386291504e-01, 2.954648807644844055e-03
2.424000024795532227e+00, -1.299481838941574097e-01, 4.768026173114776611e-01, 2.943220082670450211e-03
2.425000190734863281e+00, -1.301649808883666992e-01, 4.762547314167022705e-01, 2.931668888777494431e-03
2.426000118255615234e+00, -1.303808689117431641e-01, 4.757095277309417725e-01, 2.923021325841546059e-03
2.427000045776367188e+00, -1.305961012840270996e-01, 4.751659929752349854e-01, 2.914569806307554245e-03
2.428000211715698242e+00, -1.308105438947677612e-01, 4.746241867542266846e-01, 2.905318979173898697e-03
2.429000139236450195e+00, -1.310243159532546997e-01, 4.740840494632720947e-01, 2.896044868975877762e-03
2.430000066757202148e+00, -1.312374174594879150e-01, 4.735455811023712158e-01, 2.886769827455282211e-03
2.431000232696533203e+00, -1.314497888088226318e-01, 4.730078279972076416e-01, 2.880067098885774612e-03
2.432000160217285156e+00, -1.316615194082260132e-01, 4.724717438220977783e-01, 2.873467048630118370e-03
2.433000087738037109e+00, -1.318726837635040283e-01, 4.719382822513580322e-01, 2.864388981834053993e-03
2.434000015258789062e+00, -1.320832073688507080e-01, 4.714064598083496094e-01, 2.855319995433092117e-03
2.435000181198120117e+00, -1.322930753231048584e-01, 4.708762764930725098e-01, 2.846286166459321976e-03
2.436000108718872070e+00, -1.325026303529739380e-01, 4.703468680381774902e-01, 2.835173858329653740e-03
2.437000036239624023e+00, -1.327115297317504883e-01, 4.698190987110137939e-01, 2.824072958901524544e-03
2.438000202178955078e+00, -1.329193562269210815e-01, 4.692929983139038086e-01, 2.817688044160604477e-03
2.439000129699707031e+00, -1.331265270709991455e-01, 4.687685072422027588e-01, 2.811369486153125763e-03
2.440000057220458984e+00, -1.333331167697906494e-01, 4.682464599609375000e-01, 2.802472561597824097e-03
2.441000223159790039e+00, -1.335387676954269409e-01, 4.677251577377319336e-01, 2.790951868519186974e-03
2.442000150680541992e+00, -1.337437927722930908e-01, 4.672054648399353027e-01, 2.779508009552955627e-03
2.443000078201293945e+00, -1.339485049247741699e-01, 4.666882455348968506e-01, 2.770724939182400703e-03
2.444000005722045898e+00, -1.341526061296463013e-01, 4.661726355552673340e-01, 2.761953277513384819e-03
2.445000171661376953e+00, -1.343560814857482910e-01, 4.656586349010467529e-01, 2.753210719674825668e-03
2.446000099182128906e+00, -1.345588564872741699e-01, 4.651453197002410889e-01, 2.747087273746728897e-03
2.447000026702880859e+00, -1.347609907388687134e-01, 4.646335840225219727e-01, 2.741020871326327324e-03
2.448000192642211914e+00, -1.349628865718841553e-01, 4.641234874725341797e-01, 2.730288309976458549e-03
2.449000120162963867e+00, -1.351641416549682617e-01, 4.636149704456329346e-01, 2.719521988183259964e-03
2.450000047683715820e+00, -1.353644281625747681e-01, 4.631088674068450928e-01, 2.710837870836257935e-03
2.451000213623046875e+00, -1.355641037225723267e-01, 4.626043438911437988e-01, 2.702185884118080139e-03
2.452000141143798828e+00, -1.357631832361221313e-01, 4.621013998985290527e-01, 2.693592570722103119e-03
2.453000068664550781e+00, -1.359613537788391113e-01, 4.615991413593292236e-01, 2.682431135326623917e-03
2.454000234603881836e+00, -1.361591666936874390e-01, 4.610982835292816162e-01, 2.673180308192968369e-03
2.455000162124633789e+00, -1.363565325736999512e-01, 4.605998098850250244e-01, 2.667138120159506798e-03
2.456000089645385742e+00, -1.365530341863632202e-01, 4.601030349731445312e-01, 2.659260528162121773e-03
2.457000017166137695e+00, -1.367490738630294800e-01, 4.596078097820281982e-01, 2.650837879627943039e-03
2.458000183105468750e+00, -1.369445025920867920e-01, 4.591141045093536377e-01, 2.642420819029211998e-03
2.459000110626220703e+00, -1.371393054723739624e-01, 4.586219489574432373e-01, 2.634017495438456535e-03
2.460000038146972656e+00, -1.373332738876342773e-01, 4.581312537193298340e-01, 2.626348519697785378e-03
2.461000204086303711e+00, -1.375269889831542969e-01, 4.576413333415985107e-01, 2.616326324641704559e-03
2.462000131607055664e+00, -1.377203166484832764e-01, 4.571529924869537354e-01, 2.605499001219868660e-03
2.463000059127807617e+00, -1.379127204418182373e-01, 4.566668868064880371e-01, 2.597087062895298004e-03
2.464000225067138672e+00, -1.381045579910278320e-01, 4.561822712421417236e-01, 2.588835079222917557e-03
2.465000152587890625e+00, -1.382957994937896729e-01, 4.556991755962371826e-01, 2.580621978268027306e-03
2.466000080108642578e+00, -1.384861469268798828e-01, 4.552166163921356201e-01, 2.569863107055425644e-03
2.467000007629394531e+00, -1.386761516332626343e-01, 4.547353684902191162e-01, 2.561098895967006683e-03
2.468000173568725586e+00, -1.388657391071319580e-01, 4.542565941810607910e-01, 2.555466489866375923e-03
2.469000101089477539e+00, -1.390544772148132324e-01, 4.537794589996337891e-01, 2.547864336520433426e-03
2.470000028610229492e+00, -1.392427235841751099e-01, 4.533037841320037842e-01, 2.539707813411951065e-03
2.471000194549560547e+00, -1.394303739070892334e-01, 4.528295993804931641e-01, 2.531574806198477745e-03
2.472000122070312500e+00, -1.396172642707824707e-01, 4.523567557334899902e-01, 2.524076029658317566e-03
2.473000049591064453e+00, -1.398036032915115356e-01, 4.518853724002838135e-01, 2.516632201150059700e-03
2.474000215530395508e+00, -1.399895846843719482e-01, 4.514155685901641846e-01, 2.508642850443720818e-03
2.475000143051147461e+00, -1.401749998331069946e-01, 4.509471952915191650e-01, 2.500672359019517899e-03
2.476000070571899414e+00, -1.403601765632629395e-01, 4.504793584346771240e-01, 2.490752143785357475e-03
2.477000236511230469e+00, -1.405447721481323242e-01, 4.500129818916320801e-01, 2.480864059180021286e-03
2.478000164031982422e+00, -1.407284587621688843e-01, 4.495489597320556641e-01, 2.472969004884362221e-03
2.479000091552734375e+00, -1.409103721380233765e-01, 4.490822553634643555e-01, 2.462900709360837936e-03
2.480000019073486328e+00, -1.410919874906539917e-01, 4.486168324947357178e-01, 2.454984234645962715e-03
2.481000185012817383e+00, -1.412742286920547485e-01, 4.481569528579711914e-01, 2.449289662763476372e-03
2.482000112533569336e+00, -1.414556354284286499e-01, 4.476986527442932129e-01, 2.441489603370428085e-03
2.483000040054321289e+00, -1.416365057229995728e-01, 4.472417831420898438e-01, 2.433701418340206146e-03
2.484000205993652344e+00, -1.418168395757675171e-01, 4.467863142490386963e-01, 2.425946760922670364e-03
2.485000133514404297e+00, -1.419966220855712891e-01, 4.463322460651397705e-01, 2.418219577521085739e-03
2.486000061035156250e+00, -1.421758383512496948e-01, 4.458796083927154541e-01, 2.410513581708073616e-03
2.487000226974487305e+00, -1.423545032739639282e-01, 4.454283714294433594e-01, 2.402818761765956879e-03
2.488000154495239258e+00, -1.425326168537139893e-01, 4.449785351753234863e-01, 2.395134652033448219e-03
2.489000082015991211e+00, -1.427101641893386841e-01, 4.445300996303558350e-01, 2.387457061558961868e-03
2.490000009536743164e+00, -1.428871452808380127e-01, 4.440830349922180176e-01, 2.379777142778038979e-03
2.491000175476074219e+00, -1.430635750293731689e-01, 4.436373412609100342e-01, 2.372120274230837822e-03
2.492000102996826172e+00, -1.432397961616516113e-01, 4.431920051574707031e-01, 2.362607279792428017e-03
2.493000030517578125e+00, -1.434154957532882690e-01, 4.427480697631835938e-01, 2.353155752643942833e-03
2.494000196456909180e+00, -1.435903459787368774e-01, 4.423065185546875000e-01, 2.345646964386105537e-03
2.495000123977661133e+00, -1.437646597623825073e-01, 4.418663084506988525e-01, 2.338155405595898628e-03
2.496000051498413086e+00, -1.439384222030639648e-01, 4.414274692535400391e-01, 2.330697374418377876e-03
2.497000217437744141e+00, -1.441117823123931885e-01, 4.409899115562438965e-01, 2.324372064322233200e-03
2.498000144958496094e+00, -1.442846059799194336e-01, 4.405536949634552002e-01, 2.318088663741946220e-03
2.499000072479248047e+00, -1.444567292928695679e-01, 4.401189088821411133e-01, 2.310714917257428169e-03
2.500000000000000000e+00, -1.446280926465988159e-01, 4.396854043006896973e-01, 2.304013585671782494e-03
2.501000165939331055e+00, -1.447989195585250854e-01, 4.392532408237457275e-01, 2.297350205481052399e-03
2.502000093460083008e+00, -1.449694335460662842e-01, 4.388224780559539795e-01, 2.290047705173492432e-03
2.503000020980834961e+00, -1.451394408941268921e-01, 4.383930563926696777e-01, 2.282774308696389198e-03
2.504000186920166016e+00, -1.453089416027069092e-01, 4.379649758338928223e-01, 2.275532111525535583e-03
2.505000114440917969e+00, -1.454779207706451416e-01, 4.375382065773010254e-01, 2.268314361572265625e-03
2.506000041961669922e+00, -1.456465274095535278e-01, 4.371125400066375732e-01, 2.262334339320659637e-03
2.507000207901000977e+00, -1.458146125078201294e-01, 4.366881847381591797e-01, 2.256384352222084999e-03
2.508000135421752930e+00, -1.459823399782180786e-01, 4.362643659114837646e-01, 2.247451804578304291e-03
2.509000062942504883e+00, -1.461477726697921753e-01, 4.358376860618591309e-01, 2.233330393210053444e-03
2.510000228881835938e+00, -1.463124901056289673e-01, 4.354132413864135742e-01, 2.222120063379406929e-03
2.511000156402587891e+00, -1.464787274599075317e-01, 4.349939823150634766e-01, 2.218245761469006538e-03
2.512000083923339844e+00, -1.466443240642547607e-01, 4.345760941505432129e-01, 2.213294850662350655e-03
2.513000011444091797e+00, -1.468091458082199097e-01, 4.341597855091094971e-01, 2.206239150837063789e-03
2.514000177383422852e+00, -1.469734758138656616e-01, 4.337447583675384521e-01, 2.199189970269799232e-03
2.515000104904174805e+00, -1.471373140811920166e-01, 4.333310425281524658e-01, 2.192165004089474678e-03
2.516000032424926758e+00, -1.473006457090377808e-01, 4.329186081886291504e-01, 2.185164717957377434e-03
2.517000198364257812e+00, -1.474634706974029541e-01, 4.325074553489685059e-01, 2.178185386583209038e-03
2.518000125885009766e+00, -1.476257890462875366e-01, 4.320975840091705322e-01, 2.171219559386372566e-03
2.519000053405761719e+00, -1.477875858545303345e-01, 4.316889643669128418e-01, 2.164263045415282249e-03
2.520000219345092773e+00, -1.479488611221313477e-01, 4.312815964221954346e-01, 2.157311653718352318e-03
2.521000146865844727e+00, -1.481096446514129639e-01, 4.308754801750183105e-01, 2.150395652279257774e-03
2.522000074386596680e+00, -1.482699513435363770e-01, 4.304706454277038574e-01, 2.143532270565629005e-03
2.523000001907348633e+00, -1.484297811985015869e-01, 4.300670921802520752e-01, 2.136703347787261009e-03
2.524000167846679688e+00, -1.485891193151473999e-01, 4.296647608280181885e-01, 2.129904227331280708e-03
2.525000095367431641e+00, -1.487479656934738159e-01, 4.292636513710021973e-01, 2.123133512213826180e-03
2.526000022888183594e+00, -1.489066481590270996e-01, 4.288628101348876953e-01, 2.114535309374332428e-03
2.527000188827514648e+00, -1.490648388862609863e-01, 4.284632205963134766e-01, 2.105970866978168488e-03
2.528000116348266602e+00, -1.492222100496292114e-01, 4.280658364295959473e-01, 2.099267439916729927e-03
2.529000043869018555e+00, -1.493790745735168457e-01, 4.276696741580963135e-01, 2.092558890581130981e-03
2.530000209808349609e+00, -1.495354324579238892e-01, 4.272747635841369629e-01, 2.085862448439002037e-03
2.531000137329101562e+00, -1.496913135051727295e-01, 4.268810749053955078e-01, 2.079193014651536942e-03
2.532000064849853516e+00, -1.498467326164245605e-01, 4.264885783195495605e-01, 2.072564559057354927e-03
2.533000230789184570e+00, -1.500016748905181885e-01, 4.260973036289215088e-01, 2.065967535600066185e-03
2.534000158309936523e+00, -1.501562893390655518e-01, 4.257070720195770264e-01, 2.060518134385347366e-03
2.535000085830688477e+00, -1.503104418516159058e-01, 4.253180325031280518e-01, 2.055113436654210091e-03
2.536000013351440430e+00, -1.504639685153961182e-01, 4.249303638935089111e-01, 2.048611873760819435e-03
2.537000179290771484e+00, -1.506170034408569336e-01, 4.245439171791076660e-01, 2.042109146714210510e-03
2.538000106811523438e+00, -1.507695615291595459e-01, 4.241586923599243164e-01, 2.035619691014289856e-03
2.539000034332275391e+00, -1.509216427803039551e-01, 4.237746596336364746e-01, 2.029139548540115356e-03
2.540000200271606445e+00, -1.510732322931289673e-01, 4.233917891979217529e-01, 2.022664994001388550e-03
2.541000127792358398e+00, -1.512243449687957764e-01, 4.230100810527801514e-01, 2.016215119510889053e-03
2.542000055313110352e+00, -1.513750106096267700e-01, 4.226295650005340576e-01, 2.009803196415305138e-03
2.543000221252441406e+00, -1.515252292156219482e-01, 4.222502410411834717e-01, 2.003419678658246994e-03
2.544000148773193359e+00, -1.516750007867813110e-01, 4.218720793724060059e-01, 1.997060840949416161e-03
2.545000076293945312e+00, -1.518243104219436646e-01, 4.214950799942016602e-01, 1.990725519135594368e-03
2.546000003814697266e+00, -1.519731581211090088e-01, 4.211192727088928223e-01, 1.984410686418414116e-03
2.547000169754028320e+00, -1.521218717098236084e-01, 4.207436442375183105e-01, 1.976302359253168106e-03
2.548000097274780273e+00, -1.522697955369949341e-01, 4.203689992427825928e-01, 1.969172386452555656e-03
2.549000024795532227e+00, -1.524170339107513428e-01, 4.199964404106140137e-01, 1.964739290997385979e-03
2.550000190734863281e+00, -1.525641232728958130e-01, 4.196251928806304932e-01, 1.959358341991901398e-03
2.551000118255615234e+00, -1.527106463909149170e-01, 4.192551374435424805e-01, 1.953120343387126923e-03
2.552000045776367188e+00, -1.528567224740982056e-01, 4.188862144947052002e-01, 1.946903648786246777e-03
2.553000211715698242e+00, -1.530023664236068726e-01, 4.185184538364410400e-01, 1.940713962540030479e-03
2.554000139236450195e+00, -1.531475782394409180e-01, 4.181518554687500000e-01, 1.934548839926719666e-03
2.555000066757202148e+00, -1.532923430204391479e-01, 4.177863895893096924e-01, 1.928407233208417892e-03
2.556000232696533203e+00, -1.534366607666015625e-01, 4.174220561981201172e-01, 1.922286115586757660e-03
2.557000160217285156e+00, -1.535805314779281616e-01, 4.170588552951812744e-01, 1.916179899126291275e-03
2.558000087738037109e+00, -1.537239402532577515e-01, 4.166967570781707764e-01, 1.910085091367363930e-03
2.559000015258789062e+00, -1.538668870925903320e-01, 4.163357615470886230e-01, 1.903998432680964470e-03
2.560000181198120117e+00, -1.540093868970870972e-01, 4.159758985042572021e-01, 1.897916547022759914e-03
2.561000108718872070e+00, -1.541515886783599854e-01, 4.156168997287750244e-01, 1.892968663014471531e-03
2.562000036239624023e+00, -1.542933583259582520e-01, 4.152590036392211914e-01, 1.888073049485683441e-03
2.563000202178955078e+00, -1.544345617294311523e-01, 4.149024784564971924e-01, 1.882093260064721107e-03
2.564000129699707031e+00, -1.545750796794891357e-01, 4.145461022853851318e-01, 1.873777830041944981e-03
2.565000057220458984e+00, -1.547151505947113037e-01, 4.141908288002014160e-01, 1.865593367256224155e-03
2.566000223159790039e+00, -1.548550426959991455e-01, 4.138376116752624512e-01, 1.859765266999602318e-03
2.567000150680541992e+00, -1.549947410821914673e-01, 4.134843051433563232e-01, 1.852629589848220348e-03
2.568000078201293945e+00, -1.551340073347091675e-01, 4.131320714950561523e-01, 1.845527091063559055e-03
2.569000005722045898e+00, -1.552726030349731445e-01, 4.127821028232574463e-01, 1.839642180129885674e-03
2.570000171661376953e+00, -1.554107517004013062e-01, 4.124332368373870850e-01, 1.833747024647891521e-03
2.571000099182128906e+00, -1.555482894182205200e-01, 4.120852351188659668e-01, 1.828467589803040028e-03
2.572000026702880859e+00, -1.556854248046875000e-01, 4.117383062839508057e-01, 1.823233906179666519e-03
2.573000192642211914e+00, -1.558223366737365723e-01, 4.113926589488983154e-01, 1.817438751459121704e-03
2.574000120162963867e+00, -1.559589803218841553e-01, 4.110478460788726807e-01, 1.812786096706986427e-03
2.575000047683715820e+00, -1.560952067375183105e-01, 4.107041060924530029e-01, 1.808174769394099712e-03
2.576000213623046875e+00, -1.562308669090270996e-01, 4.103616476058959961e-01, 1.802456099539995193e-03
2.577000141143798828e+00, -1.563660949468612671e-01, 4.100202322006225586e-01, 1.796736498363316059e-03
2.578000068664550781e+00, -1.565008908510208130e-01, 4.096798896789550781e-01, 1.791029353626072407e-03
2.579000234603881836e+00, -1.566352695226669312e-01, 4.093406200408935547e-01, 1.785331638529896736e-03
2.580000162124633789e+00, -1.567692160606384277e-01, 4.090023934841156006e-01, 1.779640442691743374e-03
2.581000089645385742e+00, -1.569025516510009766e-01, 4.086650013923645020e-01, 1.774566364474594593e-03
2.582000017166137695e+00, -1.570354849100112915e-01, 4.083286523818969727e-01, 1.769533962942659855e-03
2.583000183105468750e+00, -1.571682095527648926e-01, 4.079935550689697266e-01, 1.763928798027336597e-03
2.584000110626220703e+00, -1.573005318641662598e-01, 4.076595008373260498e-01, 1.758336438797414303e-03
2.585000038146972656e+00, -1.574324518442153931e-01, 4.073264598846435547e-01, 1.752765499986708164e-03
2.586000204086303711e+00, -1.575639694929122925e-01, 4.069944620132446289e-01, 1.747210510075092316e-03
2.587000131607055664e+00, -1.576950699090957642e-01, 4.066635072231292725e-01, 1.741668209433555603e-03
2.588000059127807617e+00, -1.578259021043777466e-01, 4.063309729099273682e-01, 1.732346368953585625e-03
2.589000225067138672e+00, -1.579563170671463013e-01, 4.059994518756866455e-01, 1.723027904517948627e-03
2.590000152587890625e+00, -1.580863147974014282e-01, 4.056713581085205078e-01, 1.718639978207647800e-03
2.591000080108642578e+00, -1.582159250974655151e-01, 4.053442776203155518e-01, 1.714290468953549862e-03
2.592000007629394531e+00, -1.583450138568878174e-01, 4.050183892250061035e-01, 1.708830008283257484e-03
2.593000173568725586e+00, -1.584735214710235596e-01, 4.046932160854339600e-01, 1.704081660136580467e-03
2.594000101089477539e+00, -1.586016267538070679e-01, 4.043690562248229980e-01, 1.699371496215462685e-03
2.595000028610229492e+00, -1.587295234203338623e-01, 4.040462076663970947e-01, 1.693967264145612717e-03
2.596000194549560547e+00, -1.588570326566696167e-01, 4.037243425846099854e-01, 1.688554650172591209e-03
2.597000122070312500e+00, -1.589841544628143311e-01, 4.034034609794616699e-01, 1.683151465840637684e-03
2.598000049591064453e+00, -1.591108739376068115e-01, 4.030835926532745361e-01, 1.677759806625545025e-03
2.599000215530395508e+00, -1.592371910810470581e-01, 4.027647078037261963e-01, 1.672377111390233040e-03
2.600000143051147461e+00, -1.593631058931350708e-01, 4.024468064308166504e-01, 1.666997675783932209e-03
2.601000070571899414e+00, -1.594886332750320435e-01, 4.021298885345458984e-01, 1.661644317209720612e-03
2.602000236511230469e+00, -1.596137881278991699e-01, 4.018139541149139404e-01, 1.656330656260251999e-03
2.603000164031982422e+00, -1.597385555505752563e-01, 4.014990031719207764e-01, 1.651043654419481754e-03
2.604000091552734375e+00, -1.598629504442214966e-01, 4.011850059032440186e-01, 1.645782031118869781e-03
2.605000019073486328e+00, -1.599869728088378906e-01, 4.008719921112060547e-01, 1.640543458051979542e-03
2.606000185012817383e+00, -1.601106077432632446e-01, 4.005599617958068848e-01, 1.635323395021259785e-03
2.607000112533569336e+00, -1.602338552474975586e-01, 4.002488851547241211e-01, 1.630119164474308491e-03
2.608000040054321289e+00, -1.603566706180572510e-01, 3.999376595020294189e-01, 1.627481426112353802e-03
2.609000205993652344e+00, -1.604790985584259033e-01, 3.996273875236511230e-01, 1.624885946512222290e-03
2.610000133514404297e+00, -1.606011688709259033e-01, 3.993191719055175781e-01, 1.619745860807597637e-03
2.611000061035156250e+00, -1.607228517532348633e-01, 3.990119099617004395e-01, 1.614594133570790291e-03
2.612000226974487305e+00, -1.608441770076751709e-01, 3.987056016921997070e-01, 1.609469181858003139e-03
2.613000154495239258e+00, -1.609651446342468262e-01, 3.984002470970153809e-01, 1.604366698302328587e-03
2.614000082015991211e+00, -1.610857397317886353e-01, 3.980958461761474609e-01, 1.599282375536859035e-03
2.615000009536743164e+00, -1.612059623003005981e-01, 3.977923989295959473e-01, 1.594214001670479774e-03
2.616000175476074219e+00, -1.613258272409439087e-01, 3.974898755550384521e-01, 1.589161227457225323e-03
2.617000102996826172e+00, -1.614450663328170776e-01, 3.971873223781585693e-01, 1.581856515258550644e-03
2.618000030517578125e+00, -1.615639179944992065e-01, 3.968857228755950928e-01, 1.574578112922608852e-03
2.619000196456909180e+00, -1.616826504468917847e-01, 3.965860009193420410e-01, 1.569568994455039501e-03
2.620000123977661133e+00, -1.618013232946395874e-01, 3.962861895561218262e-01, 1.562863937579095364e-03
2.621000051498413086e+00, -1.619196236133575439e-01, 3.959873020648956299e-01, 1.556191826239228249e-03
2.622000217437744141e+00, -1.620370745658874512e-01, 3.956902027130126953e-01, 1.551765832118690014e-03
2.623000144958496094e+00, -1.621541678905487061e-01, 3.953940272331237793e-01, 1.547368126921355724e-03
2.624000072479248047e+00, -1.622710973024368286e-01, 3.950988948345184326e-01, 1.542474143207073212e-03
2.625000238418579102e+00, -1.623876839876174927e-01, 3.948046565055847168e-01, 1.537599717266857624e-03
2.626000165939331055e+00, -1.625039130449295044e-01, 3.945113122463226318e-01, 1.532747410237789154e-03
2.627000093460083008e+00, -1.626197844743728638e-01, 3.942188918590545654e-01, 1.527914660982787609e-03
2.628000020980834961e+00, -1.627352833747863770e-01, 3.939273953437805176e-01, 1.523099141195416451e-03
2.629000186920166016e+00, -1.628504097461700439e-01, 3.936367928981781006e-01, 1.518298406153917313e-03
2.630000114440917969e+00, -1.629651784896850586e-01, 3.933470547199249268e-01, 1.513510127551853657e-03
2.631000041961669922e+00, -1.630795896053314209e-01, 3.930582106113433838e-01, 1.508735120296478271e-03
2.632000207901000977e+00, -1.631936579942703247e-01, 3.927702903747558594e-01, 1.503975363448262215e-03
2.633000135421752930e+00, -1.633075326681137085e-01, 3.924829661846160889e-01, 1.500368700362741947e-03
2.634000062942504883e+00, -1.634210497140884399e-01, 3.921965360641479492e-01, 1.496792421676218510e-03
2.635000228881835938e+00, -1.635340750217437744e-01, 3.919112980365753174e-01, 1.492091338150203228e-03
2.636000156402587891e+00, -1.636467576026916504e-01, 3.916269540786743164e-01, 1.487384666688740253e-03
2.637000083923339844e+00, -1.637588888406753540e-01, 3.913432955741882324e-01, 1.483306637965142727e-03
2.638000011444091797e+00, -1.638706624507904053e-01, 3.910605013370513916e-01, 1.479243277572095394e-03
2.639000177383422852e+00, -1.639822721481323242e-01, 3.907787799835205078e-01, 1.474558492191135883e-03
2.640000104904174805e+00, -1.640935242176055908e-01, 3.904979526996612549e-01, 1.469864277169108391e-03
2.641000032424926758e+00, -1.642044335603713989e-01, 3.902179896831512451e-01, 1.465187175199389458e-03
2.642000198364257812e+00, -1.643150150775909424e-01, 3.899388909339904785e-01, 1.460534869693219662e-03
2.643000125885009766e+00, -1.644252687692642212e-01, 3.896606564521789551e-01, 1.455903053283691406e-03
2.644000053405761719e+00, -1.645351797342300415e-01, 3.893832862377166748e-01, 1.451289746910333633e-03
2.645000219345092773e+00, -1.646447479724884033e-01, 3.891067802906036377e-01, 1.446691225282847881e-03
2.646000146865844727e+00, -1.647539883852005005e-01, 3.888311088085174561e-01, 1.442105392925441265e-03
2.647000074386596680e+00, -1.648626327514648438e-01, 3.885553181171417236e-01, 1.435317564755678177e-03
2.648000240325927734e+00, -1.649709343910217285e-01, 3.882803916931152344e-01, 1.428554765880107880e-03
2.649000167846679688e+00, -1.650791466236114502e-01, 3.880072832107543945e-01, 1.424010843038558960e-03
2.650000095367431641e+00, -1.651870012283325195e-01, 3.877350091934204102e-01, 1.419454696588218212e-03
2.651000022888183594e+00, -1.652943342924118042e-01, 3.874633014202117920e-01, 1.415556180290877819e-03
2.652000188827514648e+00, -1.654016971588134766e-01, 3.871914744377136230e-01, 1.409575343132019043e-03
2.653000116348266602e+00, -1.655089110136032104e-01, 3.869207799434661865e-01, 1.402912777848541737e-03
2.654000043869018555e+00, -1.656155884265899658e-01, 3.866516053676605225e-01, 1.399402273818850517e-03
2.655000209808349609e+00, -1.657219529151916504e-01, 3.863832354545593262e-01, 1.395987463183701038e-03
2.656000137329101562e+00, -1.658278554677963257e-01, 3.861159682273864746e-01, 1.391563913784921169e-03
2.657000064849853516e+00, -1.659334301948547363e-01, 3.858495354652404785e-01, 1.387137454003095627e-03
2.658000230789184570e+00, -1.660386770963668823e-01, 3.855839371681213379e-01, 1.382721820846199989e-03
2.659000158309936523e+00, -1.661435961723327637e-01, 3.853191733360290527e-01, 1.378315035253763199e-03
2.660000085830688477e+00, -1.662481725215911865e-01, 3.850552439689636230e-01, 1.373915118165314198e-03
2.661000013351440430e+00, -1.663524210453033447e-01, 3.847921192646026611e-01, 1.369532314129173756e-03
2.662000179290771484e+00, -1.664563566446304321e-01, 3.845297992229461670e-01, 1.365173491649329662e-03
2.663000106811523438e+00, -1.665599793195724487e-01, 3.842683136463165283e-01, 1.360835041850805283e-03
2.664000034332275391e+00, -1.666632890701293945e-01, 3.840076327323913574e-01, 1.356515218503773212e-03
2.665000200271606445e+00, -1.667662858963012695e-01, 3.837477564811706543e-01, 1.352210296317934990e-03
2.666000127792358398e+00, -1.668689697980880737e-01, 3.834886848926544189e-01, 1.347918412648141384e-03
2.667000055313110352e+00, -1.669713258743286133e-01, 3.832304179668426514e-01, 1.343637821264564991e-03
2.668000221252441406e+00, -1.670733541250228882e-01, 3.829729557037353516e-01, 1.339366543106734753e-03
2.669000148773193359e+00, -1.671748757362365723e-01, 3.827160894870758057e-01, 1.335741719231009483e-03
2.670000076293945312e+00, -1.672760695219039917e-01, 3.824600279331207275e-01, 1.332132495008409023e-03
2.671000242233276367e+00, -1.673771291971206665e-01, 3.822049498558044434e-01, 1.327899517491459846e-03
2.672000169754028320e+00, -1.674778908491134644e-01, 3.819506466388702393e-01, 1.323680044151842594e-03
2.673000097274780273e+00, -1.675785034894943237e-01, 3.816967904567718506e-01, 1.320625073276460171e-03
2.674000024795532227e+00, -1.676788181066513062e-01, 3.814437091350555420e-01, 1.317600370384752750e-03
2.675000190734863281e+00, -1.677786856889724731e-01, 3.811917603015899658e-01, 1.313443994149565697e-03
2.676000118255615234e+00, -1.678782403469085693e-01, 3.809406161308288574e-01, 1.309285289607942104e-03
2.677000045776367188e+00, -1.679774820804595947e-01, 3.806902468204498291e-01, 1.305137062445282936e-03
2.678000211715698242e+00, -1.680764108896255493e-01, 3.804406523704528809e-01, 1.300997333601117134e-03
2.679000139236450195e+00, -1.681750267744064331e-01, 3.801918029785156250e-01, 1.296864240430295467e-03
2.680000066757202148e+00, -1.682733297348022461e-01, 3.799436986446380615e-01, 1.292736153118312359e-03
2.681000232696533203e+00, -1.683713197708129883e-01, 3.796963691711425781e-01, 1.288623083382844925e-03
2.682000160217285156e+00, -1.684690266847610474e-01, 3.794498145580291748e-01, 1.284533063881099224e-03
2.683000087738037109e+00, -1.685664504766464233e-01, 3.792040348052978516e-01, 1.280460972338914871e-03
2.684000015258789062e+00, -1.686635762453079224e-01, 3.789590299129486084e-01, 1.276403665542602539e-03
2.685000181198120117e+00, -1.687604039907455444e-01, 3.787147700786590576e-01, 1.272359397262334824e-03
2.686000108718872070e+00, -1.688569337129592896e-01, 3.784712553024291992e-01, 1.268326421268284321e-03
2.687000036239624023e+00, -1.689529716968536377e-01, 3.782282769680023193e-01, 1.264954567886888981e-03
2.688000202178955078e+00, -1.690486967563629150e-01, 3.779860436916351318e-01, 1.261599943973124027e-03
2.689000129699707031e+00, -1.691443026065826416e-01, 3.777447938919067383e-01, 1.257597701624035835e-03
2.690000057220458984e+00, -1.692396104335784912e-01, 3.775042891502380371e-01, 1.253590569831430912e-03
2.691000223159790039e+00, -1.693346202373504639e-01, 3.772645294666290283e-01, 1.249600085429847240e-03
2.692000150680541992e+00, -1.694293469190597534e-01, 3.770255148410797119e-01, 1.245632302016019821e-03
2.693000078201293945e+00, -1.695237904787063599e-01, 3.767872154712677002e-01, 1.241682213731110096e-03
2.694000244140625000e+00, -1.696182489395141602e-01, 3.765485882759094238e-01, 1.236203359439969063e-03
2.695000171661376953e+00, -1.697119921445846558e-01, 3.763099908828735352e-01, 1.227041124366223812e-03
2.696000099182128906e+00, -1.698052883148193359e-01, 3.760731220245361328e-01, 1.220446079969406128e-03
2.697000026702880859e+00, -1.698987185955047607e-01, 3.758377134799957275e-01, 1.217572949826717377e-03
2.698000192642211914e+00, -1.699917018413543701e-01, 3.756031095981597900e-01, 1.213695039041340351e-03
2.699000120162963867e+00, -1.700843870639801025e-01, 3.753692209720611572e-01, 1.209807698614895344e-03
2.700000047683715820e+00, -1.701767742633819580e-01, 3.751360476016998291e-01, 1.205925480462610722e-03
2.701000213623046875e+00, -1.702688783407211304e-01, 3.749035894870758057e-01, 1.202058745548129082e-03
2.702000141143798828e+00, -1.703607141971588135e-01, 3.746718466281890869e-01, 1.198216574266552925e-03
2.703000068664550781e+00, -1.704522818326950073e-01, 3.744408190250396729e-01, 1.194394426420331001e-03
2.704000234603881836e+00, -1.705435663461685181e-01, 3.742105066776275635e-01, 1.190589158795773983e-03
2.705000162124633789e+00, -1.706347167491912842e-01, 3.739805817604064941e-01, 1.187943504191935062e-03
2.706000089645385742e+00, -1.707255989313125610e-01, 3.737513720989227295e-01, 1.185326487757265568e-03
2.707000017166137695e+00, -1.708160489797592163e-01, 3.735232055187225342e-01, 1.181577332317829132e-03
2.708000183105468750e+00, -1.709062159061431885e-01, 3.732957541942596436e-01, 1.177824218757450581e-03
2.709000110626220703e+00, -1.709960997104644775e-01, 3.730690181255340576e-01, 1.174080651253461838e-03
2.710000038146972656e+00, -1.710856854915618896e-01, 3.728429675102233887e-01, 1.170344883576035500e-03
2.711000204086303711e+00, -1.711749881505966187e-01, 3.726176023483276367e-01, 1.166623900644481182e-03
2.712000131607055664e+00, -1.712640225887298584e-01, 3.723929524421691895e-01, 1.162923290394246578e-03
2.713000059127807617e+00, -1.713527888059616089e-01, 3.721689879894256592e-01, 1.159238745458424091e-03
2.714000225067138672e+00, -1.714412868022918701e-01, 3.719457089900970459e-01, 1.155567239038646221e-03
2.715000152587890625e+00, -1.715295165777206421e-01, 3.717231452465057373e-01, 1.151907257735729218e-03
2.716000080108642578e+00, -1.716174781322479248e-01, 3.715012669563293457e-01, 1.148257404565811157e-03
2.717000246047973633e+00, -1.717051714658737183e-01, 3.712800741195678711e-01, 1.144616166129708290e-03
2.718000173568725586e+00, -1.717924028635025024e-01, 3.710593283176422119e-01, 1.141647924669086933e-03
2.719000101089477539e+00, -1.718793511390686035e-01, 3.708392679691314697e-01, 1.138694817200303078e-03
2.720000028610229492e+00, -1.719662100076675415e-01, 3.706201314926147461e-01, 1.135078025981783867e-03
2.721000194549560547e+00, -1.720528006553649902e-01, 3.704016506671905518e-01, 1.131464261561632156e-03
2.722000122070312500e+00, -1.721391230821609497e-01, 3.701838552951812744e-01, 1.127872848883271217e-03
2.723000049591064453e+00, -1.722251921892166138e-01, 3.699667453765869141e-01, 1.124297734349966049e-03
2.724000215530395508e+00, -1.723110079765319824e-01, 3.697502911090850830e-01, 1.120735425502061844e-03
2.725000143051147461e+00, -1.723965555429458618e-01, 3.695344924926757812e-01, 1.117184641771018505e-03
2.726000070571899414e+00, -1.724818348884582520e-01, 3.693193793296813965e-01, 1.113643986172974110e-03
2.727000236511230469e+00, -1.725668460130691528e-01, 3.691049516201019287e-01, 1.110111945308744907e-03
2.728000164031982422e+00, -1.726515889167785645e-01, 3.688911795616149902e-01, 1.106587238609790802e-03
2.729000091552734375e+00, -1.727360635995864868e-01, 3.686780631542205811e-01, 1.103068585507571697e-03
2.730000019073486328e+00, -1.728202700614929199e-01, 3.684656023979187012e-01, 1.099554589018225670e-03
2.731000185012817383e+00, -1.729042232036590576e-01, 3.682537972927093506e-01, 1.096053281798958778e-03
2.732000112533569336e+00, -1.729879230260848999e-01, 3.680426478385925293e-01, 1.092571648769080639e-03
2.733000040054321289e+00, -1.730713695287704468e-01, 3.678321540355682373e-01, 1.089105731807649136e-03
2.734000205993652344e+00, -1.731545627117156982e-01, 3.676223158836364746e-01, 1.085652620531618595e-03
2.735000133514404297e+00, -1.732375025749206543e-01, 3.674131333827972412e-01, 1.082211034372448921e-03
2.736000061035156250e+00, -1.733201891183853149e-01, 3.672046065330505371e-01, 1.078779576346278191e-03
2.737000226974487305e+00, -1.734026223421096802e-01, 3.669967055320739746e-01, 1.075356965884566307e-03
2.738000154495239258e+00, -1.734851151704788208e-01, 3.667883872985839844e-01, 1.070433063432574272e-03
2.739000082015991211e+00, -1.735673397779464722e-01, 3.665807247161865234e-01, 1.065528020262718201e-03
2.740000247955322266e+00, -1.736489832401275635e-01, 3.663747608661651611e-01, 1.062132534570991993e-03
2.741000175476074219e+00, -1.737303733825683594e-01, 3.661694228649139404e-01, 1.058736932463943958e-03
2.742000102996826172e+00, -1.738115251064300537e-01, 3.659647107124328613e-01, 1.055365661159157753e-03
2.743000030517578125e+00, -1.738924384117126465e-01, 3.657606542110443115e-01, 1.052011153660714626e-03
2.744000196456909180e+00, -1.739730983972549438e-01, 3.655572235584259033e-01, 1.048669917508959770e-03
2.745000123977661133e+00, -1.740535050630569458e-01, 3.653544187545776367e-01, 1.045340555720031261e-03
2.746000051498413086e+00, -1.741336733102798462e-01, 3.651522397994995117e-01, 1.042022020556032658e-03
2.747000217437744141e+00, -1.742137521505355835e-01, 3.649503290653228760e-01, 1.039864262565970421e-03
2.748000144958496094e+00, -1.742935776710510254e-01, 3.647490441799163818e-01, 1.037729671224951744e-03
2.749000072479248047e+00, -1.743729859590530396e-01, 3.645487129688262939e-01, 1.034450833685696125e-03
2.750000238418579102e+00, -1.744521409273147583e-01, 3.643490076065063477e-01, 1.031163032166659832e-03
2.751000165939331055e+00, -1.745310574769973755e-01, 3.641499280929565430e-01, 1.027887454256415367e-03
2.752000093460083008e+00, -1.746097356081008911e-01, 3.639514744281768799e-01, 1.024629338644444942e-03
2.753000020980834961e+00, -1.746879965066909790e-01, 3.637533187866210938e-01, 1.022071228362619877e-03
2.754000186920166016e+00, -1.747660189867019653e-01, 3.635557591915130615e-01, 1.019531162455677986e-03
2.755000114440917969e+00, -1.748439818620681763e-01, 3.633591234683990479e-01, 1.016312278807163239e-03
2.756000041961669922e+00, -1.749217063188552856e-01, 3.631631135940551758e-01, 1.013094908557832241e-03
2.757000207901000977e+00, -1.749991923570632935e-01, 3.629677295684814453e-01, 1.009887899272143841e-03
2.758000135421752930e+00, -1.750764399766921997e-01, 3.627729415893554688e-01, 1.006687758490443230e-03
2.759000062942504883e+00, -1.751534342765808105e-01, 3.625787496566772461e-01, 1.003492972813546658e-03
2.760000228881835938e+00, -1.752301752567291260e-01, 3.623851537704467773e-01, 1.000302378088235855e-03
2.761000156402587891e+00, -1.753066778182983398e-01, 3.621921539306640625e-01, 9.971227264031767845e-04
2.762000083923339844e+00, -1.753829568624496460e-01, 3.619997501373291016e-01, 9.939601877704262733e-04
2.763000249862670898e+00, -1.754590123891830444e-01, 3.618079423904418945e-01, 9.908115025609731674e-04
2.764000177383422852e+00, -1.755348294973373413e-01, 3.616167306900024414e-01, 9.876738768070936203e-04
2.765000104904174805e+00, -1.756104081869125366e-01, 3.614261150360107422e-01, 9.845461463555693626e-04
2.766000032424926758e+00, -1.756857633590698242e-01, 3.612360954284667969e-01, 9.814272634685039520e-04
2.767000198364257812e+00, -1.757608950138092041e-01, 3.610466718673706055e-01, 9.783160639926791191e-04
2.768000125885009766e+00, -1.758357882499694824e-01, 3.608578145503997803e-01, 9.752115001901984215e-04
2.769000053405761719e+00, -1.759104430675506592e-01, 3.606695234775543213e-01, 9.721124661155045033e-04
2.770000219345092773e+00, -1.759848594665527344e-01, 3.604818284511566162e-01, 9.690178558230400085e-04
2.771000146865844727e+00, -1.760590374469757080e-01, 3.602947294712066650e-01, 9.659340721555054188e-04
2.772000074386596680e+00, -1.761329919099807739e-01, 3.601081967353820801e-01, 9.628671687096357346e-04
2.773000240325927734e+00, -1.762067228555679321e-01, 3.599222302436828613e-01, 9.598140604794025421e-04
2.774000167846679688e+00, -1.762802302837371826e-01, 3.597368597984313965e-01, 9.567720699124038219e-04
2.775000095367431641e+00, -1.763535141944885254e-01, 3.595520555973052979e-01, 9.537400910630822182e-04
2.776000022888183594e+00, -1.764265745878219604e-01, 3.593678176403045654e-01, 9.507170761935412884e-04
2.777000188827514648e+00, -1.764994114637374878e-01, 3.591841459274291992e-01, 9.477019775658845901e-04
2.778000116348266602e+00, -1.765720099210739136e-01, 3.590010404586791992e-01, 9.446936310268938541e-04
2.779000043869018555e+00, -1.766443848609924316e-01, 3.588185012340545654e-01, 9.416910470463335514e-04
2.780000209808349609e+00, -1.767165362834930420e-01, 3.586365282535552979e-01, 9.386932360939681530e-04
2.781000137329101562e+00, -1.767882853746414185e-01, 3.584547936916351318e-01, 9.364069555886089802e-04
2.782000064849853516e+00, -1.768598109483718872e-01, 3.582736253738403320e-01, 9.341430850327014923e-04
2.783000230789184570e+00, -1.769312918186187744e-01, 3.580933511257171631e-01, 9.311893954873085022e-04
2.784000158309936523e+00, -1.770025640726089478e-01, 3.579136133193969727e-01, 9.282398968935012817e-04
2.785000085830688477e+00, -1.770736277103424072e-01, 3.577344417572021484e-01, 9.253023890778422356e-04
2.786000013351440430e+00, -1.771444678306579590e-01, 3.575558364391326904e-01, 9.223740780726075172e-04
2.787000179290771484e+00, -1.772150844335556030e-01, 3.573777675628662109e-01, 9.194535668939352036e-04
2.788000106811523438e+00, -1.772854775190353394e-01, 3.572002351284027100e-01, 9.165397495962679386e-04
2.789000034332275391e+00, -1.773556470870971680e-01, 3.570232689380645752e-01, 9.136316366493701935e-04
2.790000200271606445e+00, -1.774253696203231812e-01, 3.568458557128906250e-01, 9.086790960282087326e-04
2.791000127792358398e+00, -1.774948686361312866e-01, 3.566689789295196533e-01, 9.037540294229984283e-04
2.792000055313110352e+00, -1.775643825531005859e-01, 3.564936518669128418e-01, 9.008960914798080921e-04
2.793000221252441406e+00, -1.776336878538131714e-01, 3.563188612461090088e-01, 8.980435086414217949e-04
2.794000148773193359e+00, -1.777027845382690430e-01, 3.561446070671081543e-01, 8.952082134783267975e-04
2.795000076293945312e+00, -1.777716726064682007e-01, 3.559708893299102783e-01, 8.923845598474144936e-04
2.796000242233276367e+00, -1.778403520584106445e-01, 3.557977080345153809e-01, 8.895745850168168545e-04
2.797000169754028320e+00, -1.779088079929351807e-01, 3.556250631809234619e-01, 8.867775904946029186e-04
2.798000097274780273e+00, -1.779770404100418091e-01, 3.554529249668121338e-01, 8.839929942041635513e-04
2.799000024795532227e+00, -1.780453771352767944e-01, 3.552802205085754395e-01, 8.796639740467071533e-04
2.800000190734863281e+00, -1.781134903430938721e-01, 3.551080524921417236e-01, 8.753247675485908985e-04
2.801000118255615234e+00, -1.781812161207199097e-01, 3.549371063709259033e-01, 8.736475137993693352e-04
2.802000045776367188e+00, -1.782487481832504272e-01, 3.547666966915130615e-01, 8.720186888240277767e-04
2.803000211715698242e+00, -1.783159375190734863e-01, 3.545972108840942383e-01, 8.693069103173911572e-04
2.804000139236450195e+00, -1.783829182386398315e-01, 3.544282615184783936e-01, 8.665882050991058350e-04
2.805000066757202148e+00, -1.784496903419494629e-01, 3.542598485946655273e-01, 8.638742147013545036e-04
2.806000232696533203e+00, -1.785162687301635742e-01, 3.540919423103332520e-01, 8.611637749709188938e-04
2.807000160217285156e+00, -1.785826534032821655e-01, 3.539245426654815674e-01, 8.584560127928853035e-04
2.808000087738037109e+00, -1.786488294601440430e-01, 3.537576794624328613e-01, 8.557499968446791172e-04
2.809000015258789062e+00, -1.787147969007492065e-01, 3.535913527011871338e-01, 8.530447958037257195e-04
2.810000181198120117e+00, -1.787805557250976562e-01, 3.534255623817443848e-01, 8.503394783474504948e-04
2.811000108718872070e+00, -1.788461059331893921e-01, 3.532602787017822266e-01, 8.476427174173295498e-04
2.812000036239624023e+00, -1.789114475250244141e-01, 3.530955016613006592e-01, 8.449599263258278370e-04
2.813000202178955078e+00, -1.789765954017639160e-01, 3.529312312602996826e-01, 8.422867977060377598e-04
2.814000129699707031e+00, -1.790413856506347656e-01, 3.527671098709106445e-01, 8.403308456763625145e-04
2.815000057220458984e+00, -1.791059672832489014e-01, 3.526034951210021973e-01, 8.383896783925592899e-04
2.816000223159790039e+00, -1.791705191135406494e-01, 3.524407446384429932e-01, 8.357460610568523407e-04
2.817000150680541992e+00, -1.792348772287368774e-01, 3.522785007953643799e-01, 8.331016870215535164e-04
2.818000078201293945e+00, -1.792990267276763916e-01, 3.521167635917663574e-01, 8.304638904519379139e-04
2.819000244140625000e+00, -1.793629676103591919e-01, 3.519555330276489258e-01, 8.278309251181781292e-04
2.820000171661376953e+00, -1.794266998767852783e-01, 3.517947793006896973e-01, 8.252016850747168064e-04
2.821000099182128906e+00, -1.794902384281158447e-01, 3.516345322132110596e-01, 8.225826313719153404e-04
2.822000026702880859e+00, -1.795535981655120850e-01, 3.514747917652130127e-01, 8.199771982617676258e-04
2.823000192642211914e+00, -1.796167641878128052e-01, 3.513155281543731689e-01, 8.173814276233315468e-04
2.824000120162963867e+00, -1.796797364950180054e-01, 3.511567711830139160e-01, 8.147943881340324879e-04
2.825000047683715820e+00, -1.797425150871276855e-01, 3.509985208511352539e-01, 8.122152648866176605e-04
2.826000213623046875e+00, -1.798050999641418457e-01, 3.508407473564147949e-01, 8.096432429738342762e-04
2.827000141143798828e+00, -1.798674911260604858e-01, 3.506834506988525391e-01, 8.070775074884295464e-04
2.828000068664550781e+00, -1.799296885728836060e-01, 3.505266308784484863e-01, 8.045173017308115959e-04
2.829000234603881836e+00, -1.799916923046112061e-01, 3.503703176975250244e-01, 8.019618107937276363e-04
2.830000162124633789e+00, -1.800534874200820923e-01, 3.502145111560821533e-01, 7.994102197699248791e-04
2.831000089645385742e+00, -1.801150888204574585e-01, 3.500591814517974854e-01, 7.968688732944428921e-04
2.832000017166137695e+00, -1.801765114068984985e-01, 3.499043285846710205e-01, 7.943411474116146564e-04
2.833000183105468750e+00, -1.802377551794052124e-01, 3.497499525547027588e-01, 7.918231422081589699e-04
2.834000110626220703e+00, -1.802988201379776001e-01, 3.495960533618927002e-01, 7.893139845691621304e-04
2.835000038146972656e+00, -1.803596913814544678e-01, 3.494426310062408447e-01, 7.868129760026931763e-04
2.836000204086303711e+00, -1.804203689098358154e-01, 3.492896854877471924e-01, 7.843193598091602325e-04
2.837000131607055664e+00, -1.804808676242828369e-01, 3.491372168064117432e-01, 7.818323792889714241e-04
2.838000059127807617e+00, -1.805411726236343384e-01, 3.489852249622344971e-01, 7.793512777425348759e-04
2.839000225067138672e+00, -1.806012839078903198e-01, 3.488336801528930664e-01, 7.768752402625977993e-04
2.840000152587890625e+00, -1.806612014770507812e-01, 3.486825823783874512e-01, 7.744035101495683193e-04
2.841000080108642578e+00, -1.807209253311157227e-01, 3.485319614410400391e-01, 7.719419081695377827e-04
2.842000246047973633e+00, -1.807804703712463379e-01, 3.483818173408508301e-01, 7.694934029132127762e-04
2.843000173568725586e+00, -1.808398365974426270e-01, 3.482321500778198242e-01, 7.670543272979557514e-04
2.844000101089477539e+00, -1.808990240097045898e-01, 3.480829298496246338e-01, 7.646238082088530064e-04
2.845000028610229492e+00, -1.809580326080322266e-01, 3.479341566562652588e-01, 7.622011471539735794e-04
2.846000194549560547e+00, -1.810168623924255371e-01, 3.477858603000640869e-01, 7.597856456413865089e-04
2.847000122070312500e+00, -1.810755133628845215e-01, 3.476380407810211182e-01, 7.573764887638390064e-04
2.848000049591064453e+00, -1.811339855194091797e-01, 3.474906682968139648e-01, 7.549729780294001102e-04
2.849000215530395508e+00, -1.811922639608383179e-01, 3.473437428474426270e-01, 7.525744731537997723e-04
2.850000143051147461e+00, -1.812503486871719360e-01, 3.471972644329071045e-01, 7.501802174374461174e-04
2.851000070571899414e+00, -1.813082545995712280e-01, 3.470512330532073975e-01, 7.477957988157868385e-04
2.852000236511230469e+00, -1.813659965991973877e-01, 3.469056785106658936e-01, 7.454240112565457821e-04
2.853000164031982422e+00, -1.814235746860504150e-01, 3.467605710029602051e-01, 7.430612458847463131e-04
2.854000091552734375e+00, -1.814809739589691162e-01, 3.466159105300903320e-01, 7.407067460007965565e-04
2.855000019073486328e+00, -1.815381944179534912e-01, 3.464716970920562744e-01, 7.383598713204264641e-04
2.856000185012817383e+00, -1.815950721502304077e-01, 3.463275730609893799e-01, 7.367397774942219257e-04
2.857000112533569336e+00, -1.816517710685729980e-01, 3.461838960647583008e-01, 7.351353997364640236e-04
2.858000040054321289e+00, -1.817084550857543945e-01, 3.460410237312316895e-01, 7.328151259571313858e-04
2.859000205993652344e+00, -1.817649602890014648e-01, 3.458985984325408936e-01, 7.304897881112992764e-04
2.860000133514404297e+00, -1.818212866783142090e-01, 3.457565903663635254e-01, 7.281700382009148598e-04
2.861000061035156250e+00, -1.818774342536926270e-01, 3.456150293350219727e-01, 7.258598925545811653e-04
2.862000226974487305e+00, -1.819334179162979126e-01, 3.454739153385162354e-01, 7.235615630634129047e-04
2.863000154495239258e+00, -1.819892376661300659e-01, 3.453332185745239258e-01, 7.212714990600943565e-04
2.864000082015991211e+00, -1.820448786020278931e-01, 3.451929688453674316e-01, 7.189889438450336456e-04
2.865000247955322266e+00, -1.821005046367645264e-01, 3.450527489185333252e-01, 7.178751402534544468e-04
2.866000175476074219e+00, -1.821559667587280273e-01, 3.449129462242126465e-01, 7.167807198129594326e-04
2.867000102996826172e+00, -1.822111010551452637e-01, 3.447739779949188232e-01, 7.145297713577747345e-04
2.868000030517578125e+00, -1.822660565376281738e-01, 3.446354568004608154e-01, 7.122706156224012375e-04
2.869000196456909180e+00, -1.823208332061767578e-01, 3.444973826408386230e-01, 7.100160582922399044e-04
2.870000123977661133e+00, -1.823757439851760864e-01, 3.443586528301239014e-01, 7.063678931444883347e-04
2.871000051498413086e+00, -1.824304908514022827e-01, 3.442203402519226074e-01, 7.027396932244300842e-04
2.872000217437744141e+00, -1.824847757816314697e-01, 3.440835177898406982e-01, 7.005259976722300053e-04
2.873000144958496094e+00, -1.825388967990875244e-01, 3.439471125602722168e-01, 6.983198691159486771e-04
2.874000072479248047e+00, -1.825928539037704468e-01, 3.438111245632171631e-01, 6.961282924748957157e-04
2.875000238418579102e+00, -1.826466470956802368e-01, 3.436755537986755371e-01, 6.939480663277208805e-04
2.876000165939331055e+00, -1.827002763748168945e-01, 3.435404002666473389e-01, 6.917784339748322964e-04
2.877000093460083008e+00, -1.827537417411804199e-01, 3.434056639671325684e-01, 6.896188133396208286e-04
2.878000020980834961e+00, -1.828070431947708130e-01, 3.432713150978088379e-01, 6.874685641378164291e-04
2.879000186920166016e+00, -1.828601807355880737e-01, 3.431373536586761475e-01, 6.853269878774881363e-04
2.880000114440917969e+00, -1.829131394624710083e-01, 3.430038094520568848e-01, 6.831934442743659019e-04
2.881000041961669922e+00, -1.829659342765808105e-01, 3.428706824779510498e-01, 6.810643244534730911e-04
2.882000207901000977e+00, -1.830185800790786743e-01, 3.427379727363586426e-01, 6.789375329390168190e-04
2.883000135421752930e+00, -1.830710619688034058e-01, 3.426056802272796631e-01, 6.768144085071980953e-04
2.884000062942504883e+00, -1.831233799457550049e-01, 3.424738049507141113e-01, 6.746947765350341797e-04
2.885000228881835938e+00, -1.831755340099334717e-01, 3.423423469066619873e-01, 6.725780549459159374e-04
2.886000156402587891e+00, -1.832275241613388062e-01, 3.422113060951232910e-01, 6.704636616632342339e-04
2.887000083923339844e+00, -1.832793503999710083e-01, 3.420806825160980225e-01, 6.683509564027190208e-04
2.888000249862670898e+00, -1.833310127258300781e-01, 3.419504761695861816e-01, 6.662393570877611637e-04
2.889000177383422852e+00, -1.833823472261428833e-01, 3.418203294277191162e-01, 6.648558774031698704e-04
2.890000104904174805e+00, -1.834335178136825562e-01, 3.416905999183654785e-01, 6.634845049120485783e-04
2.891000032424926758e+00, -1.834846884012222290e-01, 3.415616154670715332e-01, 6.613904843106865883e-04
2.892000198364257812e+00, -1.835356950759887695e-01, 3.414330184459686279e-01, 6.592944846488535404e-04
2.893000125885009766e+00, -1.835865527391433716e-01, 3.413048386573791504e-01, 6.572073325514793396e-04
2.894000053405761719e+00, -1.836372613906860352e-01, 3.411770462989807129e-01, 6.551272235810756683e-04
2.895000219345092773e+00, -1.836878210306167603e-01, 3.410496413707733154e-01, 6.530532846227288246e-04
2.896000146865844727e+00, -1.837382316589355469e-01, 3.409226536750793457e-01, 6.509849335998296738e-04
2.897000074386596680e+00, -1.837884783744812012e-01, 3.407960534095764160e-01, 6.489216466434299946e-04
2.898000240325927734e+00, -1.838385611772537231e-01, 3.406698405742645264e-01, 6.468628416769206524e-04
2.899000167846679688e+00, -1.838884949684143066e-01, 3.405440151691436768e-01, 6.448079366236925125e-04
2.900000095367431641e+00, -1.839382648468017578e-01, 3.404185771942138672e-01, 6.427563494071364403e-04
2.901000022888183594e+00, -1.839878708124160767e-01, 3.402935266494750977e-01, 6.407131440937519073e-04
2.902000188827514648e+00, -1.840373277664184570e-01, 3.401688635349273682e-01, 6.386807654052972794e-04
2.903000116348266602e+00, -1.840866357088088989e-01, 3.400445878505706787e-01, 6.366560119204223156e-04
2.904000043869018555e+00, -1.841357946395874023e-01, 3.399206995964050293e-01, 6.346383015625178814e-04
2.905000209808349609e+00, -1.841848045587539673e-01, 3.397971987724304199e-01, 6.326269940473139286e-04
2.906000137329101562e+00, -1.842336654663085938e-01, 3.396740853786468506e-01, 6.306215655058622360e-04
2.907000064849853516e+00, -1.842823773622512817e-01, 3.395513594150543213e-01, 6.286215502768754959e-04
2.908000230789184570e+00, -1.843309402465820312e-01, 3.394289910793304443e-01, 6.266263662837445736e-04
2.909000158309936523e+00, -1.843793541193008423e-01, 3.393070101737976074e-01, 6.246354314498603344e-04
2.910000085830688477e+00, -1.844276040792465210e-01, 3.391854166984558105e-01, 6.226482219062745571e-04
2.911000251770019531e+00, -1.844757050275802612e-01, 3.390641808509826660e-01, 6.206692778505384922e-04
2.912000179290771484e+00, -1.845236718654632568e-01, 3.389433324337005615e-01, 6.187006947584450245e-04
2.913000106811523438e+00, -1.845714896917343140e-01, 3.388228714466094971e-01, 6.167394458316266537e-04
2.914000034332275391e+00, -1.846191585063934326e-01, 3.387027680873870850e-01, 6.147848907858133316e-04
2.915000200271606445e+00, -1.846666783094406128e-01, 3.385830223560333252e-01, 6.128365057520568371e-04
2.916000127792358398e+00, -1.847140491008758545e-01, 3.384636342525482178e-01, 6.108938250690698624e-04
2.917000055313110352e+00, -1.847612708806991577e-01, 3.383446335792541504e-01, 6.089563248679041862e-04
2.918000221252441406e+00, -1.848083436489105225e-01, 3.382260203361511230e-01, 6.070235394872725010e-04
2.919000148773193359e+00, -1.848552674055099487e-01, 3.381077647209167480e-01, 6.050948868505656719e-04
2.920000076293945312e+00, -1.849020421504974365e-01, 3.379898667335510254e-01, 6.031698430888354778e-04
2.921000242233276367e+00, -1.849486827850341797e-01, 3.378723263740539551e-01, 6.012527737766504288e-04
2.922000169754028320e+00, -1.849951893091201782e-01, 3.377551436424255371e-01, 5.993456579744815826e-04
2.923000097274780273e+00, -1.850415468215942383e-01, 3.376383185386657715e-01, 5.974455852992832661e-04
2.924000024795532227e+00, -1.850877553224563599e-01, 3.375218510627746582e-01, 5.955519736744463444e-04
2.925000190734863281e+00, -1.851338297128677368e-01, 3.374057412147521973e-01, 5.936643574386835098e-04
2.926000118255615234e+00, -1.851797699928283691e-01, 3.372899889945983887e-01, 5.917822127230465412e-04
2.927000045776367188e+00, -1.852255612611770630e-01, 3.371745944023132324e-01, 5.899051320739090443e-04
2.928000211715698242e+00, -1.852712035179138184e-01, 3.370595574378967285e-01, 5.880325916223227978e-04
2.929000139236450195e+00, -1.853166967630386353e-01, 3.369448781013488770e-01, 5.861640674993395805e-04
2.930000066757202148e+00, -1.853620409965515137e-01, 3.368305563926696777e-01, 5.842990940436720848e-04
2.931000232696533203e+00, -1.854072511196136475e-01, 3.367165923118591309e-01, 5.824418039992451668e-04
2.932000160217285156e+00, -1.854523271322250366e-01, 3.366029858589172363e-01, 5.805941764265298843e-04
2.933000087738037109e+00, -1.854972690343856812e-01, 3.364897370338439941e-01, 5.787533591501414776e-04
2.934000253677368164e+00, -1.855420768260955811e-01, 3.363768458366394043e-01, 5.769188283011317253e-04
2.935000181198120117e+00, -1.855867505073547363e-01, 3.362643122673034668e-01, 5.750901182182133198e-04
2.936000108718872070e+00, -1.856312900781631470e-01, 3.361521363258361816e-01, 5.732667050324380398e-04
2.937000036239624023e+00, -1.856756806373596191e-01, 3.360402882099151611e-01, 5.714481812901794910e-04
2.938000202178955078e+00, -1.857199370861053467e-01, 3.359287679195404053e-01, 5.696340813301503658e-04
2.939000129699707031e+00, -1.857638955116271973e-01, 3.358172178268432617e-01, 5.685635260306298733e-04
2.940000057220458984e+00, -1.858077049255371094e-01, 3.357060253620147705e-01, 5.675082211382687092e-04
2.941000223159790039e+00, -1.858515441417694092e-01, 3.355955481529235840e-01, 5.657186266034841537e-04
2.942000150680541992e+00, -1.858952492475509644e-01, 3.354853987693786621e-01, 5.639255978167057037e-04
2.943000078201293945e+00, -1.859388202428817749e-01, 3.353756070137023926e-01, 5.621403688564896584e-04
2.944000244140625000e+00, -1.859822720289230347e-01, 3.352661728858947754e-01, 5.603609606623649597e-04
2.945000171661376953e+00, -1.860255897045135498e-01, 3.351570665836334229e-01, 5.585866747424006462e-04
2.946000099182128906e+00, -1.860687732696533203e-01, 3.350482881069183350e-01, 5.568171036429703236e-04
2.947000026702880859e+00, -1.861118227243423462e-01, 3.349398672580718994e-01, 5.550517817027866840e-04
2.948000192642211914e+00, -1.861547231674194336e-01, 3.348317742347717285e-01, 5.532902432605624199e-04
2.949000120162963867e+00, -1.861974895000457764e-01, 3.347240090370178223e-01, 5.515320808626711369e-04
2.950000047683715820e+00, -1.862401217222213745e-01, 3.346165716648101807e-01, 5.497768288478255272e-04
2.951000213623046875e+00, -1.862826198339462280e-01, 3.345094621181488037e-01, 5.480287363752722740e-04
2.952000141143798828e+00, -1.863249987363815308e-01, 3.344027101993560791e-01, 5.462897825054824352e-04
2.953000068664550781e+00, -1.863672584295272827e-01, 3.342962861061096191e-01, 5.445571732707321644e-04
2.954000234603881836e+00, -1.864093840122222900e-01, 3.341901898384094238e-01, 5.428304430097341537e-04
2.955000162124633789e+00, -1.864513754844665527e-01, 3.340844213962554932e-01, 5.411092424765229225e-04
2.956000089645385742e+00, -1.864932328462600708e-01, 3.339789807796478271e-01, 5.393931060098111629e-04
2.957000255584716797e+00, -1.865349560976028442e-01, 3.338738679885864258e-01, 5.376815679483115673e-04
2.958000183105468750e+00, -1.865765601396560669e-01, 3.337690532207489014e-01, 5.359742208383977413e-04
2.959000110626220703e+00, -1.866180300712585449e-01, 3.336645662784576416e-01, 5.342705990187823772e-04
2.960000038146972656e+00, -1.866593658924102783e-01, 3.335604071617126465e-01, 5.325702950358390808e-04
2.961000204086303711e+00, -1.867005825042724609e-01, 3.334565758705139160e-01, 5.308770341798663139e-04
2.962000131607055664e+00, -1.867416799068450928e-01, 3.333530724048614502e-01, 5.291925044730305672e-04
2.963000059127807617e+00, -1.867826431989669800e-01, 3.332498669624328613e-01, 5.275141447782516479e-04
2.964000225067138672e+00, -1.868234723806381226e-01, 3.331469893455505371e-01, 5.258414312265813351e-04
2.965000152587890625e+00, -1.868641823530197144e-01, 3.330444395542144775e-01, 5.241739563643932343e-04
2.966000080108642578e+00, -1.869047731161117554e-01, 3.329421877861022949e-01, 5.225113127380609512e-04
2.967000246047973633e+00, -1.869452446699142456e-01, 3.328402638435363770e-01, 5.208531511016190052e-04
2.968000173568725586e+00, -1.869855821132659912e-01, 3.327386677265167236e-01, 5.191990640014410019e-04
2.969000101089477539e+00, -1.870257854461669922e-01, 3.326373696327209473e-01, 5.175485857762396336e-04
2.970000028610229492e+00, -1.870658695697784424e-01, 3.325363993644714355e-01, 5.159013089723885059e-04
2.971000194549560547e+00, -1.871058344841003418e-01, 3.324357569217681885e-01, 5.142608424648642540e-04
2.972000122070312500e+00, -1.871456801891326904e-01, 3.323354125022888184e-01, 5.126288160681724548e-04
2.973000049591064453e+00, -1.871854066848754883e-01, 3.322353661060333252e-01, 5.110027268528938293e-04
2.974000215530395508e+00, -1.872250139713287354e-01, 3.321356177330017090e-01, 5.093820509500801563e-04
2.975000143051147461e+00, -1.872644871473312378e-01, 3.320361971855163574e-01, 5.077664391137659550e-04
2.976000070571899414e+00, -1.873038262128829956e-01, 3.319371044635772705e-01, 5.061555420979857445e-04
2.977000236511230469e+00, -1.873430460691452026e-01, 3.318383097648620605e-01, 5.045489524491131306e-04
2.978000164031982422e+00, -1.873821467161178589e-01, 3.317398130893707275e-01, 5.029463209211826324e-04
2.979000091552734375e+00, -1.874211281538009644e-01, 3.316416144371032715e-01, 5.013472400605678558e-04
2.980000257492065430e+00, -1.874599903821945190e-01, 3.315437138080596924e-01, 4.997512442059814930e-04
2.981000185012817383e+00, -1.874987334012985229e-01, 3.314461112022399902e-01, 4.981618840247392654e-04
2.982000112533569336e+00, -1.875373572111129761e-01, 3.313488066196441650e-01, 4.965806729160249233e-04
2.983000040054321289e+00, -1.875758618116378784e-01, 3.312518000602722168e-01, 4.950051661580801010e-04
2.984000205993652344e+00, -1.876142472028732300e-01, 3.311550915241241455e-01, 4.934349562972784042e-04
2.985000133514404297e+00, -1.876525133848190308e-01, 3.310586810111999512e-01, 4.918696940876543522e-04
2.986000061035156250e+00, -1.876906603574752808e-01, 3.309625685214996338e-01, 4.903089720755815506e-04
2.987000226974487305e+00, -1.877286881208419800e-01, 3.308667540550231934e-01, 4.887523828074336052e-04
2.988000154495239258e+00, -1.877665966749191284e-01, 3.307712376117706299e-01, 4.871996352449059486e-04
2.989000082015991211e+00, -1.878043860197067261e-01, 3.306760191917419434e-01, 4.856503510382026434e-04
2.990000247955322266e+00, -1.878420561552047729e-01, 3.305810987949371338e-01, 4.841041809413582087e-04
2.991000175476074219e+00, -1.878796070814132690e-01, 3.304864764213562012e-01, 4.825643845833837986e-04
2.992000102996826172e+00, -1.879170536994934082e-01, 3.303921520709991455e-01, 4.810324171558022499e-04
2.993000030517578125e+00, -1.879543960094451904e-01, 3.302981257438659668e-01, 4.795059794560074806e-04
2.994000196456909180e+00, -1.879916191101074219e-01, 3.302043974399566650e-01, 4.779846349265426397e-04
2.995000123977661133e+00, -1.880287230014801025e-01, 3.301109671592712402e-01, 4.764680634252727032e-04
2.996000051498413086e+00, -1.880657076835632324e-01, 3.300178050994873047e-01, 4.749558866024017334e-04
2.997000217437744141e+00, -1.881025731563568115e-01, 3.299249112606048584e-01, 4.734477261081337929e-04
2.998000144958496094e+00, -1.881393194198608398e-01, 3.298323154449462891e-01, 4.719432326965034008e-04
2.999000072479248047e+00, -1.881759613752365112e-01, 3.297400176525115967e-01, 4.704420862253755331e-04
3.000000238418579102e+00, -1.882124990224838257e-01, 3.296480178833007812e-01, 4.689439374487847090e-04
